"","X.1","scientificName","id","institutionCode","collectionCode","basisOfRecord","occurrenceID","X","kingdom","phylum","scientificNameAuthorship","genus","specificEpithet","recordedBy","recordNumber","eventDate","year","month","day","startDayOfYear","verbatimEventDate","substrate","country","stateProvince","county","locality","localitySecurity","decimalLatitude","decimalLongitude","verbatimCoordinates","modified","collId","recordId","references","File.Name","Notes","Quality","Chemistry","Chemistry.Author","Source","Family","Order","Class","Morphology","Photobiont"
"27",27,"Caloplaca flavovirescens",NA,"","","","",710560,"","","","","","Brako, L.","1593","",1979,NA,NA,NA,"","on rock","","","","",NA,NA,NA,"","",NA,"","","710560.1979","","","","","","Teloschistaceae","Teloschistales","Lecanoromycetes","crustose","chlorococcoid"
"28",28,"Caloplaca flavovirescens",NA,"","","","",721660,"","","","","","Wetmore, C.","41945","",1980,NA,NA,NA,"","","","","","",NA,NA,NA,"","",NA,"","","721660.1980","","","","","","Teloschistaceae","Teloschistales","Lecanoromycetes","crustose","chlorococcoid"
"29",29,"Caloplaca flavovirescens",NA,"","","","",23898,"","","","","","Fink, B.","1843","",1901,NA,NA,NA,"","on rocks","","","","",NA,NA,NA,"","",NA,"","","23898.1901","","","","","","Teloschistaceae","Teloschistales","Lecanoromycetes","crustose","chlorococcoid"
"30",30,"Caloplaca flavovirescens",NA,"","","","",710491,"","","","","","Brako, L.","1683","",1979,NA,NA,NA,"","on rock of west facing slope","","","","",NA,NA,NA,"","",NA,"","","710491.1979","","","","","","Teloschistaceae","Teloschistales","Lecanoromycetes","crustose","chlorococcoid"
"31",31,"Caloplaca flavovirescens",NA,"","","","",858414,"","","","","","Wheeler, G.","17560","",1997,NA,NA,NA,"","","","","","",NA,NA,NA,"","",NA,"","","858414.1997","","","","","","Teloschistaceae","Teloschistales","Lecanoromycetes","crustose","chlorococcoid"
"32",32,"Caloplaca flavovirescens",NA,"","","","",786476,"","","","","","Trana, T.","14100","",1986,NA,NA,NA,"","","","","","",NA,NA,NA,"","",NA,"","","786476.1986","","","","","","Teloschistaceae","Teloschistales","Lecanoromycetes","crustose","chlorococcoid"
"33",33,"Caloplaca flavovirescens",NA,"","","","",907411,"","","","","","Wetmore, C.","96982","",2008,NA,NA,NA,"","","","","","",NA,NA,NA,"","",NA,"","","907411.2008","","","","","","Teloschistaceae","Teloschistales","Lecanoromycetes","crustose","chlorococcoid"
"34",34,"Caloplaca flavovirescens",NA,"","","","",901847,"","","","","","Wetmore, C.","77238","",1997,NA,NA,NA,"","","","","","",NA,NA,NA,"","",NA,"","","901847.1997","","","","","","Teloschistaceae","Teloschistales","Lecanoromycetes","crustose","chlorococcoid"
"35",35,"Caloplaca flavovirescens",NA,"","","","",23889,"","","","","","Fink, B.","298","",1897,NA,NA,NA,"","on rocks","","","","",NA,NA,NA,"","",NA,"","","23889.1897","","","","","","Teloschistaceae","Teloschistales","Lecanoromycetes","crustose","chlorococcoid"
"36",36,"Caloplaca flavovirescens",NA,"","","","",23897,"","","","","","Fink, B.","1232","",1901,NA,NA,NA,"","on rocks","","","","",NA,NA,NA,"","",NA,"","","23897.1901","","","","","","Teloschistaceae","Teloschistales","Lecanoromycetes","crustose","chlorococcoid"
"37",37,"Caloplaca flavovirescens",NA,"","","","",907402,"","","","","","Wetmore, C.","96991","",2008,NA,NA,NA,"","","","","","",NA,NA,NA,"","",NA,"","","907402.2008","","","","","","Teloschistaceae","Teloschistales","Lecanoromycetes","crustose","chlorococcoid"
"38",38,"Caloplaca flavovirescens",NA,"","","","",634027,"","","","","","Wetmore, C.","18592","",1969,NA,NA,NA,"","","","","","",NA,NA,NA,"","",NA,"","","634027.1969","","","","","","Teloschistaceae","Teloschistales","Lecanoromycetes","crustose","chlorococcoid"
"39",39,"Caloplaca flavovirescens",NA,"","","","",813488,"","","","","","Wetmore, C.","67902","",1991,NA,NA,NA,"","","","","","",NA,NA,NA,"","",NA,"","","813488.1991","","","","","","Teloschistaceae","Teloschistales","Lecanoromycetes","crustose","chlorococcoid"
"40",40,"Caloplaca flavovirescens",NA,"","","","",23895,"","","","","","Fink, B.","643","",1900,NA,NA,NA,"","on granitics","","","","",NA,NA,NA,"","",NA,"","","23895.1900","","","","","","Teloschistaceae","Teloschistales","Lecanoromycetes","crustose","chlorococcoid"
"41",41,"Caloplaca flavovirescens",NA,"","","","",901843,"","","","","","Wetmore, C.","80507","",1998,NA,NA,NA,"","","","","","",NA,NA,NA,"","",NA,"","","901843.1998","","","","","","Teloschistaceae","Teloschistales","Lecanoromycetes","crustose","chlorococcoid"
"42",42,"Candelaria concolor",NA,"","","","",761591,"","","","","","Schuster, J.","825","",1983,NA,NA,NA,"","on trunk of quaking aspen","","","","",NA,NA,NA,"","",NA,"","","761591.1983","","good","","","","Candelariaceae","Candelariales","Candelariomycetes","foliose","chlorococcoid"
"43",43,"Candelaria concolor",NA,"","","","",815563,"","","","","","Schuster, J.","2640","",1991,NA,NA,NA,"","on deciduous tree","","","","",NA,NA,NA,"","",NA,"","","815563.1991","","good","","","","Candelariaceae","Candelariales","Candelariomycetes","foliose","chlorococcoid"
"44",44,"Candelaria concolor",NA,"","","","",761846,"","","","","","Schuster, J.","492","",1983,NA,NA,NA,"","on dead quaking aspen","","","","",NA,NA,NA,"","",NA,"","","761846.1983","","good","","","","Candelariaceae","Candelariales","Candelariomycetes","foliose","chlorococcoid"
"45",45,"Candelaria concolor",NA,"","","","",24297,"","","","","","Fink, B.","1474","",1901,NA,NA,NA,"","on trees","","","","",NA,NA,NA,"","",NA,"","","24297.1901","","good","","","","Candelariaceae","Candelariales","Candelariomycetes","foliose","chlorococcoid"
"46",46,"Candelaria concolor",NA,"","","","",907472,"","","","","","Wetmore, C.","96920","",2008,NA,NA,NA,"","on cottonwood","","","","",NA,NA,NA,"","",NA,"","","907472.2008","","good","","","","Candelariaceae","Candelariales","Candelariomycetes","foliose","chlorococcoid"
"47",47,"Candelaria concolor",NA,"","","","",858554,"","","","","","Wheeler, G.","16317","",1997,NA,NA,NA,"","celtis occidentalis","","","","",NA,NA,NA,"","",NA,"","","858554.1997","","good","","","","Candelariaceae","Candelariales","Candelariomycetes","foliose","chlorococcoid"
"48",48,"Candelaria concolor",NA,"","","","",869562,"","","","","","Wheeler, G.","19905","",1999,NA,NA,NA,"","on fallen tree","","","","",NA,NA,NA,"","",NA,"","","869562.1999","","good","","","","Candelariaceae","Candelariales","Candelariomycetes","foliose","chlorococcoid"
"49",49,"Candelaria concolor",NA,"","","","",674007,"","","","","","Wetmore, C.","24025","",1974,NA,NA,NA,"","on oak","","","","",NA,NA,NA,"","",NA,"","","674007.1974","","good","","","","Candelariaceae","Candelariales","Candelariomycetes","foliose","chlorococcoid"
"50",50,"Candelaria concolor",NA,"","","","",827613,"","","","","","Shimek, B.","s.n.","",1902,NA,NA,NA,"","","","","","",NA,NA,NA,"","",NA,"","","827613.1902","","good","","","","Candelariaceae","Candelariales","Candelariomycetes","foliose","chlorococcoid"
"51",51,"Candelaria concolor",NA,"","","","",827668,"","","","","","Shimek, B.","s.n.","",1916,NA,NA,NA,"","on bur oak","","","","",NA,NA,NA,"","",NA,"","","827668.1916","","good","","","","Candelariaceae","Candelariales","Candelariomycetes","foliose","chlorococcoid"
"52",52,"Candelaria concolor",NA,"","","","",634613,"","","","","","Knutson, R.","s.n.","",1962,NA,NA,NA,"","on elm","","","","",NA,NA,NA,"","",NA,"","","634613.1962","","good","","","","Candelariaceae","Candelariales","Candelariomycetes","foliose","chlorococcoid"
"53",53,"Candelaria concolor",NA,"","","","",814980,"","","","","","Schuster, J.","2454","",1990,NA,NA,NA,"","on elm","","","","",NA,NA,NA,"","",NA,"","","814980.1990","","good","","","","Candelariaceae","Candelariales","Candelariomycetes","foliose","chlorococcoid"
"54",54,"Candelaria concolor",NA,"","","","",907368,"","","","","","Wetmore, C.","97025","",2008,NA,NA,NA,"","on cottonwood","","","","",NA,NA,NA,"","",NA,"","","907368.2008","","good","","","","Candelariaceae","Candelariales","Candelariomycetes","foliose","chlorococcoid"
"55",55,"Candelaria concolor",NA,"","","","",869518,"","","","","","Wheeler, G.","20007","",1999,NA,NA,NA,"","","","","","",NA,NA,NA,"","",NA,"","","869518.1999","","good","","","","Candelariaceae","Candelariales","Candelariomycetes","foliose","chlorococcoid"
"56",56,"Candelaria concolor",NA,"","","","",706600,"","","","","","Wetmore, C.","37364","",1979,NA,NA,NA,"","on quaking aspen","","","","",NA,NA,NA,"","",NA,"","","706600.1979","","good","","","","Candelariaceae","Candelariales","Candelariomycetes","foliose","chlorococcoid"
"57",57,"Candelaria concolor",NA,"","","","",815554,"","","","","","Schuster, J.","2672","",1991,NA,NA,NA,"","on dead branch","","","","",NA,NA,NA,"","",NA,"","","815554.1991","","good","","","","Candelariaceae","Candelariales","Candelariomycetes","foliose","chlorococcoid"
"58",58,"Candelaria concolor",NA,"","","","",634251,"","","","","","Wetmore, C.","19752","",1970,NA,NA,NA,"","on quaking aspen","","","","",NA,NA,NA,"","",NA,"","","634251.1970","","good","","","","Candelariaceae","Candelariales","Candelariomycetes","foliose","chlorococcoid"
"72",72,"Dimelaena oreina",NA,"","","","",869634,"","","","","","Wheeler, G.","19625","",1999,NA,NA,NA,"","","","","","",NA,NA,NA,"","",NA,"","","869634.1999","","","","","","Caliciaceae","Teloschistales","Lecanoromycetes","crustose","chlorococcoid"
"73",73,"Dimelaena oreina",NA,"","","","",901582,"","","","","","Wetmore, C.","95463","",2007,NA,NA,NA,"","","","","","",NA,NA,NA,"","",NA,"","","901582.2007","","","","","","Caliciaceae","Teloschistales","Lecanoromycetes","crustose","chlorococcoid"
"74",74,"Dimelaena oreina",NA,"","","","",24850,"","","","","","Fink, B.","367","",1899,NA,NA,NA,"","","","","","",NA,NA,NA,"","",NA,"","","24850.1899","","","","","","Caliciaceae","Teloschistales","Lecanoromycetes","crustose","chlorococcoid"
"75",75,"Dimelaena oreina",NA,"","","","",869651,"","","","","","Wheeler, G.","19595","",1999,NA,NA,NA,"","","","","","",NA,NA,NA,"","",NA,"","","869651.1999","","","","","","Caliciaceae","Teloschistales","Lecanoromycetes","crustose","chlorococcoid"
"76",76,"Dimelaena oreina",NA,"","","","",24849,"","","","","","Fink, B.","s.n.","",1901,NA,NA,NA,"","","","","","",NA,NA,NA,"","",NA,"","","24849.1901","","","","","","Caliciaceae","Teloschistales","Lecanoromycetes","crustose","chlorococcoid"
"77",77,"Dimelaena oreina",NA,"","","","",835136,"","","","","","Wetmore, C.","74474","",1994,NA,NA,NA,"","","","","","",NA,NA,NA,"","",NA,"","","835136.1994","","","","","","Caliciaceae","Teloschistales","Lecanoromycetes","crustose","chlorococcoid"
"78",78,"Dimelaena oreina",NA,"","","","",863268,"","","","","","Saltveit, M.","100","",1970,NA,NA,NA,"","","","","","",NA,NA,NA,"","",NA,"","","863268.1970","","","","","","Caliciaceae","Teloschistales","Lecanoromycetes","crustose","chlorococcoid"
"79",79,"Dimelaena oreina",NA,"","","","",24851,"","","","","","Fink, B.","201","",1899,NA,NA,NA,"","","","","","",NA,NA,NA,"","",NA,"","","24851.1899","","","","","","Caliciaceae","Teloschistales","Lecanoromycetes","crustose","chlorococcoid"
"80",80,"Dimelaena oreina",NA,"","","","",721662,"","","","","","Wetmore, C.","41942","",1980,NA,NA,NA,"","","","","","",NA,NA,NA,"","",NA,"","","721662.1980","","","","","","Caliciaceae","Teloschistales","Lecanoromycetes","crustose","chlorococcoid"
"81",81,"Dimelaena oreina",NA,"","","","",814970,"","","","","","Schuster, J.","2471","",1990,NA,NA,NA,"","","","","","",NA,NA,NA,"","",NA,"","","814970.1990","","","","","","Caliciaceae","Teloschistales","Lecanoromycetes","crustose","chlorococcoid"
"82",82,"Dimelaena oreina",NA,"","","","",714872,"","","","","","Wetmore, C.","35396","",1978,NA,NA,NA,"","","","","","",NA,NA,NA,"","",NA,"","","714872.1978","","","","","","Caliciaceae","Teloschistales","Lecanoromycetes","crustose","chlorococcoid"
"83",83,"Dimelaena oreina",NA,"","","","",785627,"","","","","","Wetmore, C.","57655","",1986,NA,NA,NA,"","","","","","",NA,NA,NA,"","",NA,"","","785627.1986","","","","","","Caliciaceae","Teloschistales","Lecanoromycetes","crustose","chlorococcoid"
"84",84,"Dimelaena oreina",NA,"","","","",863485,"","","","","","Wetmore, C.","23394","",1974,NA,NA,NA,"","","","","","",NA,NA,NA,"","",NA,"","","863485.1974","","","","","","Caliciaceae","Teloschistales","Lecanoromycetes","crustose","chlorococcoid"
"85",85,"Dimelaena oreina",NA,"","","","",858435,"","","","","","Wheeler, G.","17423","",1997,NA,NA,NA,"","","","","","",NA,NA,NA,"","",NA,"","","858435.1997","","","","","","Caliciaceae","Teloschistales","Lecanoromycetes","crustose","chlorococcoid"
"86",86,"Dimelaena oreina",NA,"","","","",785671,"","","","","","Wetmore, C.","57536","",1986,NA,NA,NA,"","","","","","",NA,NA,NA,"","",NA,"","","785671.1986","","","","","","Caliciaceae","Teloschistales","Lecanoromycetes","crustose","chlorococcoid"
"98",98,"Flavoparmelia caperata",NA,"","","","",867615,"Fungi","Ascomycota","(L.) Hale","Flavoparmelia","caperata","Wetmore, C.","82361","6/23/1999",1999,6,23,174,"23-Jun-99","on thuja","United States","Minnesota","Saint Louis","North of Pfeifer Lake; Superior National Forest",0,47.75666667,-92.46555556,"47°45'24""N, 92°27'56""W","6/2/2016 12:52",11,"urn:uuid:f81f65f4-5616-440e-8b04-4a7b0adb6b13","http://bellatlas.umn.edu/collections/individual/index.php?occid=737008","867615.1999","","good","","","","Parmeliaceae","Lecanorales","Lecanoromycetes","foliose","chlorococcoid"
"99",99,"Flavoparmelia caperata",NA,"","","","",900340,"Fungi","Ascomycota","(L.) Hale","Flavoparmelia","caperata","Hansen, J.","s.n.","5/18/1909",1909,5,18,138,"18-May-09","on log","United States","Minnesota","Stearns","Collegeville",0,NA,NA,"","6/2/2016 12:52",11,"urn:uuid:5ab0eb15-5393-4ea4-8171-9ae7b5fff03e","http://bellatlas.umn.edu/collections/individual/index.php?occid=760529","900340.1909","dark areas on lichen","okay","","","","Parmeliaceae","Lecanorales","Lecanoromycetes","foliose","chlorococcoid"
"100",100,"Flavoparmelia caperata",NA,"","","","",877642,"Fungi","Ascomycota","(L.) Hale","Flavoparmelia","caperata","Wetmore, C.","87918","6/13/2002",2002,6,13,164,"13-Jun-02","on thuja","United States","Minnesota","Saint Louis","3.5 Mi N of Kinney; Superior National Forest",0,47.56555556,-92.74972222,"47°33'56""N, 92°44'59""W","6/2/2016 12:52",11,"urn:uuid:0fb81f70-62c4-48de-b890-520cb7494ad5","http://bellatlas.umn.edu/collections/individual/index.php?occid=744719","877642.2002","dark spots on lichen show low reflectance %","good","","","","Parmeliaceae","Lecanorales","Lecanoromycetes","foliose","chlorococcoid"
"101",101,"Flavoparmelia caperata",643297,"MIN","Lichens","PreservedSpecimen","urn:uuid:4adbfb89-2d87-47a7-8025-de586eecf5c4",22603,"Fungi","Ascomycota","(L.) Hale","Flavoparmelia","caperata","Fink, B.","1059","7/31/1901",1901,7,31,212,"31-Jul-01","on rocks","United States","Minnesota","Koochiching","Koochiching",0,NA,NA,"","6/2/2016 12:52",11,"urn:uuid:9485dbb4-d7a3-45a9-b62a-9487bde71bef","http://bellatlas.umn.edu/collections/individual/index.php?occid=630037","22603.1901","","good","","","","Parmeliaceae","Lecanorales","Lecanoromycetes","foliose","chlorococcoid"
"102",102,"Flavoparmelia caperata",NA,"","","","",863336,"Fungi","Ascomycota","(L.) Hale","Flavoparmelia","caperata","Egan, R.","13207","5/19/1986",1986,5,19,139,"19-May-86","","United States","Minnesota","Cook","Between Schroeder And Tofte; Temperance River State Park",0,NA,NA,"","6/2/2016 12:52",11,"urn:uuid:9a797b7b-2761-4cdc-953a-dc7a51828f48","http://bellatlas.umn.edu/collections/individual/index.php?occid=734666","863336.1986","","good","","","","Parmeliaceae","Lecanorales","Lecanoromycetes","foliose","chlorococcoid"
"103",103,"Flavoparmelia caperata",630090,"MIN","Lichens","PreservedSpecimen","urn:uuid:9ef13f94-d1ed-4d62-9d89-4ce287876d7e",22597,"Fungi","Ascomycota","(L.) Hale","Flavoparmelia","caperata","Fink, B.","1510","8/16/1901",1901,8,16,228,"16-Aug-01","on cedars","United States","Minnesota","Saint Louis","Harding",0,NA,NA,"","6/2/2016 12:52",11,"urn:uuid:9861466a-71df-4b7f-99af-d0902028bb4a","http://bellatlas.umn.edu/collections/individual/index.php?occid=630031","22597.1901","","good","","","","Parmeliaceae","Lecanorales","Lecanoromycetes","foliose","chlorococcoid"
"104",104,"Flavoparmelia caperata",632826,"MIN","Lichens","PreservedSpecimen","urn:uuid:507eeedd-c912-408c-96d9-19c7fb4cbe4f",22598,"Fungi","Ascomycota","(L.) Hale","Flavoparmelia","caperata","Fink, B.","524","7/11/1901",1901,7,11,192,"11-Jul-01","on trees","United States","Minnesota","Lake of the Woods","Oak Island",0,NA,NA,"","6/2/2016 12:52",11,"urn:uuid:89b712f4-d405-4e5e-9d8b-53b52e3ea6a8","http://bellatlas.umn.edu/collections/individual/index.php?occid=630032","22598.1901","","good","","","","Parmeliaceae","Lecanorales","Lecanoromycetes","foliose","chlorococcoid"
"105",105,"Flavoparmelia caperata",643387,"MIN","Lichens","PreservedSpecimen","urn:uuid:39f418ce-273a-4ab1-a1b7-766ac25cf230",22665,"Fungi","Ascomycota","(L.) Hale","Flavoparmelia","caperata","Fink, B.","77","1896-07-03",1896,7,3,185,"03/Jul/1896","","United States","Minnesota","Hennepin","Neapolis",0,NA,NA,"","6/2/2016 12:52",11,"urn:uuid:9ef13f94-d1ed-4d62-9d89-4ce287876d7e","http://bellatlas.umn.edu/collections/individual/index.php?occid=630090","22665.1896","small, dirt amongst samples","good","","","","Parmeliaceae","Lecanorales","Lecanoromycetes","foliose","chlorococcoid"
"106",106,"Flavoparmelia caperata",NA,"","","","",900339,"Fungi","Ascomycota","(L.) Hale","Flavoparmelia","caperata","Agnes, M.","5","1912-10-00",1912,10,0,NA,"00/Oct/1912","on wood","United States","Minnesota","Saint Louis","Duluth",0,NA,NA,"","6/2/2016 12:52",11,"urn:uuid:53e6bb66-8c0f-4e00-baa2-ebad5071d196","http://bellatlas.umn.edu/collections/individual/index.php?occid=760528","900339.1912","","good","","","","Parmeliaceae","Lecanorales","Lecanoromycetes","foliose","chlorococcoid"
"107",107,"Flavoparmelia caperata",645310,"MIN","Lichens","PreservedSpecimen","urn:uuid:e8e3fbb3-af68-42a2-b42a-e280189a2933",691785,"Fungi","Ascomycota","(L.) Hale","Flavoparmelia","caperata","Hale, M.","22554","1963-07-00",1963,7,0,NA,"00/Jul/1963","on exposed birch trees","United States","Minnesota","Clearwater","Biological Station; Itasca State Park",0,NA,NA,"","6/2/2016 12:52",11,"urn:uuid:0324c3b8-b14a-420d-9fc0-3ff7108a049a","http://bellatlas.umn.edu/collections/individual/index.php?occid=660759","691785.1963","","good","","","","Parmeliaceae","Lecanorales","Lecanoromycetes","foliose","chlorococcoid"
"108",108,"Flavoparmelia caperata",742813,"MIN","Lichens","PreservedSpecimen","urn:uuid:f0c7900b-912a-4250-b55a-07dcf49448e5",772360,"Fungi","Ascomycota","(L.) Hale","Flavoparmelia","caperata","Filson, R.","40217","11/2/1971",1971,11,2,306,"2-Nov-71","on melalevca armillaris","Australia","Tasmania","","Curtis Island",0,NA,NA,"","6/2/2016 12:52",11,"urn:uuid:30bd039b-844c-4243-be54-44a7ac134cdc","http://bellatlas.umn.edu/collections/individual/index.php?occid=691957","772360.1971","","good","caperatic acid, protocetraric acid in G.B., protocetraric acid in G.A.o-t, yellow pigment in lower medulla K+ purple","Filson. R","On archive","Parmeliaceae","Lecanorales","Lecanoromycetes","foliose","chlorococcoid"
"109",109,"Flavoparmelia caperata",645987,"MIN","Lichens","PreservedSpecimen","urn:uuid:606c92e8-1e81-4583-9a6b-c867337a4a97",691844,"Fungi","Ascomycota","(L.) Hale","Flavoparmelia","caperata","Hale, M.","22290","1963-07-00",1963,7,0,NA,"00/Jul/1963","","United States","Minnesota","Clearwater","North Boundary Road; Itasca State Park",0,NA,NA,"","6/2/2016 12:52",11,"urn:uuid:b4148dd6-fb6d-4ad1-9365-1a08da4d010a","http://bellatlas.umn.edu/collections/individual/index.php?occid=660818","691844.1963","","good","","","","Parmeliaceae","Lecanorales","Lecanoromycetes","foliose","chlorococcoid"
"110",110,"Flavoparmelia caperata",760528,"MIN","Lichens","PreservedSpecimen","urn:uuid:53e6bb66-8c0f-4e00-baa2-ebad5071d196",653152,"Fungi","Ascomycota","(L.) Hale","Flavoparmelia","caperata","Wetmore, C.","19883","6/6/1971",1971,6,6,157,"6-Jun-71","on bur oak","United States","Minnesota","Washington","S of Afton Near Ski Area",0,NA,NA,"","6/2/2016 12:52",11,"urn:uuid:4adbfb89-2d87-47a7-8025-de586eecf5c4","http://bellatlas.umn.edu/collections/individual/index.php?occid=643297","653152.1971","all samples on bark","good","","","","Parmeliaceae","Lecanorales","Lecanoromycetes","foliose","chlorococcoid"
"111",111,"Flavoparmelia caperata",747557,"MIN","Lichens","PreservedSpecimen","urn:uuid:ab99e9c0-a297-472d-b15f-6767f98fc0bb",653089,"Fungi","Ascomycota","(L.) Hale","Flavoparmelia","caperata","Wetmore, C.","18575","7/21/1969",1969,7,21,202,"21-Jul-69","","United States","Minnesota","Cook","Wampus Lake, 25 Mi N Grand Marais; Superior National Forest",0,48.05611111,-90.40833333,"48°03'22""N, 90°24'30""W","6/2/2016 12:52",11,"urn:uuid:329e5018-291b-4b40-acd5-a695fa65f2e3","http://bellatlas.umn.edu/collections/individual/index.php?occid=643235","653089.1969","","good","","","","Parmeliaceae","Lecanorales","Lecanoromycetes","foliose","chlorococcoid"
"112",112,"Flavoparmelia caperata",740949,"MIN","Lichens","PreservedSpecimen","urn:uuid:edf6922a-8464-400a-9984-33c14de98954",761459,"Fungi","Ascomycota","(L.) Hale","Flavoparmelia","caperata","Schuster, J.","965","7/7/1983",1983,7,7,188,"7-Jul-83","on paper birch","United States","Minnesota","Pine","Pickerel Lake Campground, Nw of; Nemadji State Forest",0,NA,NA,"","6/2/2016 12:52",11,"urn:uuid:18e070b1-5c9e-434b-9b62-c3b881e4a1f8","http://bellatlas.umn.edu/collections/individual/index.php?occid=686637","761459.1983","","good","","","","Parmeliaceae","Lecanorales","Lecanoromycetes","foliose","chlorococcoid"
"113",113,"Flavoparmelia caperata",NA,"","","","",894425,"Fungi","Ascomycota","(L.) Hale","Flavoparmelia","caperata","Schuster, J.","3371","5/4/1996",1996,5,4,125,"4-May-96","on dead branch","United States","Minnesota","Washington","Falls Creek Scientific Natural Area",0,NA,NA,"","6/2/2016 12:52",11,"urn:uuid:440ad26e-c5ce-45ef-87c7-fafec0de1fed","http://bellatlas.umn.edu/collections/individual/index.php?occid=758064","894425.1996","","good","","","","Parmeliaceae","Lecanorales","Lecanoromycetes","foliose","chlorococcoid"
"115",115,"Flavoparmelia caperata",630032,"MIN","Lichens","PreservedSpecimen","urn:uuid:89b712f4-d405-4e5e-9d8b-53b52e3ea6a8",22571,"Fungi","Ascomycota","(L.) Hale","Flavoparmelia","caperata","Fink, B.","254","1897-06-30",1897,6,30,181,"30/Jun/1897","on earth","United States","Minnesota","Cook","Gunflint Trail; Superior National Forest",0,NA,NA,"","6/2/2016 12:52",11,"urn:uuid:2eeb9bc3-5b8d-4a00-a0b7-4c8a99a4c621","http://bellatlas.umn.edu/collections/individual/index.php?occid=630008","22571.1897","","good","","","","Parmeliaceae","Lecanorales","Lecanoromycetes","foliose","chlorococcoid"
"116",116,"Flavoparmelia caperata",NA,"","","","",881733,"Fungi","Ascomycota","(L.) Hale","Flavoparmelia","caperata","Cole, M.","2075","7/24/1996",1996,7,24,206,"24-Jul-96","on fallen pine","United States","Minnesota","Clearwater","Okerson Heights Trail Near Budd Lake; Itasca State Park",0,47.16388889,-95.175,"47°09'50""N, 95°10'30""W","6/2/2016 12:52",11,"urn:uuid:ab99e9c0-a297-472d-b15f-6767f98fc0bb","http://bellatlas.umn.edu/collections/individual/index.php?occid=747557","881733.1996","","good","","","","Parmeliaceae","Lecanorales","Lecanoromycetes","foliose","chlorococcoid"
"117",117,"Flavoparmelia caperata",NA,"","","","",901650,"Fungi","Ascomycota","(L.) Hale","Flavoparmelia","caperata","Wetmore, C.","96815","8/7/2007",2007,8,7,219,"7-Aug-07","","United States","Minnesota","Cook","Smith Island In Poplar Lake; Superior National Forest",0,48.05138889,-90.51972222,"48°03'05""N, 90°31'11""W","6/2/2016 12:52",11,"urn:uuid:9fd9265a-1798-4060-88ec-4987af3e5ab0","http://bellatlas.umn.edu/collections/individual/index.php?occid=761697","901650.2007","some moss amongst lichen","good","","","","Parmeliaceae","Lecanorales","Lecanoromycetes","foliose","chlorococcoid"
"118",118,"Flavoparmelia caperata",632827,"MIN","Lichens","PreservedSpecimen","urn:uuid:c6db391c-8938-4aa8-92b1-340d265606ef",22599,"Fungi","Ascomycota","(L.) Hale","Flavoparmelia","caperata","Fink, B.","769","7/20/1901",1901,7,20,201,"20-Jul-01","on rocks, canada","Canada","Ontario","Rainy River","Emo",0,NA,NA,"","6/2/2016 12:52",11,"urn:uuid:9dc9e54d-b030-40b7-8ff2-9967b9b5c670","http://bellatlas.umn.edu/collections/individual/index.php?occid=630033","22599.1901","","good","","","","Parmeliaceae","Lecanorales","Lecanoromycetes","foliose","chlorococcoid"
"119",119,"Flavoparmelia caperata",NA,"","","","",917363,"Fungi","Ascomycota","(L.) Hale","Flavoparmelia","caperata","Wetmore, C.","98863","8/26/2009",2009,8,26,238,"26-Aug-09","","United States","Minnesota","Cook","Se Facing Cliffs At South Fowl Lake",0,48.04138889,-90.01472222,"48°02'29""N, 90°00'53""W","6/2/2016 12:52",11,"urn:uuid:318445ff-1540-4b60-8a02-705ebfcc7c71","http://bellatlas.umn.edu/collections/individual/index.php?occid=765966","917363.2009","","good","","","","Parmeliaceae","Lecanorales","Lecanoromycetes","foliose","chlorococcoid"
"121",121,"Flavoparmelia caperata",NA,"","","","",933970,"Fungi","Ascomycota","(L.) Hale","Flavoparmelia","caperata","Wetmore, C.","100550","7/13/2012",2012,7,13,195,"13-Jul-12","on log","United States","Minnesota","Cook","Mt Rose, N Side of; Grand Portage National Monument",0,47.96277778,-89.68861111,"47°57'46""N, 89°41'19""W","6/2/2016 12:52",11,"urn:uuid:d1294a91-81e4-452e-8980-df5b4e4d671e","http://bellatlas.umn.edu/collections/individual/index.php?occid=770134","933970.2012","","good","","","","Parmeliaceae","Lecanorales","Lecanoromycetes","foliose","chlorococcoid"
"122",122,"Flavoparmelia caperata",644260,"MIN","Lichens","PreservedSpecimen","urn:uuid:e13be6d3-7a9a-4ca5-9e60-c30eb9528667",691735,"Fungi","Ascomycota","(L.) Hale","Flavoparmelia","caperata","Tucker, S.","s.n.","6/17/1955",1955,6,17,168,"17-Jun-55","","United States","Minnesota","Clearwater","Biological Station; Itasca State Park",0,NA,NA,"","6/2/2016 12:52",11,"urn:uuid:20731112-42bc-42e8-beae-a51ab9733728","http://bellatlas.umn.edu/collections/individual/index.php?occid=660710","691735.1955","","good","","","","Parmeliaceae","Lecanorales","Lecanoromycetes","foliose","chlorococcoid"
"124",124,"Flavoparmelia caperata",NA,"","","","",933105,"Fungi","Ascomycota","(L.) Hale","Flavoparmelia","caperata","Wetmore, C.","100411","8/18/2010",2010,8,18,230,"18-Aug-10","on balsam fir","United States","Minnesota","Cook","Pigeon River, Ne of Grand Portage",0,47.99333333,-89.57277778,"47°59'36""N, 89°34'22""W","6/2/2016 12:52",11,"urn:uuid:98e46500-7488-4c43-a6bf-36d8cdc4f09e","http://bellatlas.umn.edu/collections/individual/index.php?occid=769856","933105.2010","","good","","","","Parmeliaceae","Lecanorales","Lecanoromycetes","foliose","chlorococcoid"
"125",125,"Flavoparmelia caperata",676083,"MIN","Lichens","PreservedSpecimen","urn:uuid:2213d218-a6dd-4293-bc35-266dda193889",434360,"Fungi","Ascomycota","(L.) Hale","Flavoparmelia","caperata","Cotter, S.","1509","10/7/1950",1950,10,7,280,"7-Oct-50","on tamarack","United States","Minnesota","Anoka","Cedar Creek Bog; Cedar Creek Ecosystem Science Reserve",0,NA,NA,"","6/2/2016 12:52",11,"urn:uuid:c6db391c-8938-4aa8-92b1-340d265606ef","http://bellatlas.umn.edu/collections/individual/index.php?occid=632827","434360.1950","","good","","","","Parmeliaceae","Lecanorales","Lecanoromycetes","foliose","chlorococcoid"
"126",126,"Flavoparmelia caperata",696075,"MIN","Lichens","PreservedSpecimen","urn:uuid:381dced7-a23e-4881-ab87-81ba04f44e54",720619,"Fungi","Ascomycota","(L.) Hale","Flavoparmelia","caperata","Wetmore, C.","41718","8/5/1980",1980,8,5,218,"5-Aug-80","on bur oak","United States","Minnesota","Kittson","Lake Bronson, 3 Mi Se",0,48.70888889,-96.60666667,"48°42'32""N, 96°36'24""W","6/2/2016 12:52",11,"urn:uuid:86b96099-3c65-4e87-aa59-86c926387e8d","http://bellatlas.umn.edu/collections/individual/index.php?occid=673803","720619.1980","","good","","","","Parmeliaceae","Lecanorales","Lecanoromycetes","foliose","chlorococcoid"
"127",127,"Flavoparmelia caperata",761697,"MIN","Lichens","PreservedSpecimen","urn:uuid:9fd9265a-1798-4060-88ec-4987af3e5ab0",653732,"Fungi","Ascomycota","(L.) Hale","Flavoparmelia","caperata","Wetmore, C.","21846","8/24/1973",1973,8,24,236,"24-Aug-73","on rock","United States","Minnesota","Saint Louis","Fenske Lake, 4 Mi N; Superior National Forest",0,48.05277778,-91.92527778,"48°03'10""N, 91°55'31""W","6/2/2016 12:52",11,"urn:uuid:183e8874-013c-4912-9a68-c00e29eb317d","http://bellatlas.umn.edu/collections/individual/index.php?occid=643853","653732.1973","","good","","","","Parmeliaceae","Lecanorales","Lecanoromycetes","foliose","chlorococcoid"
"168",168,"Ionaspis lacustris",NA,"","","","",718575,"","","","","","Brodo, I.","7133","",1965,NA,NA,NA,"","on rocks","","","","",NA,NA,NA,"","",NA,"","","718575.1965","","","","","","Hymeneliaceae","Lecanorales","Lecanoromycetes","crustose","chlorococcoid"
"169",169,"Ionaspis lacustris",NA,"","","","",941341,"","","","","","Schuster, J.","727","",1983,NA,NA,NA,"","on rock","","","","",NA,NA,NA,"","",NA,"","","941341.1983","","","","","","Hymeneliaceae","Lecanorales","Lecanoromycetes","crustose","chlorococcoid"
"170",170,"Ionaspis lacustris",NA,"","","","",883271,"","","","","","Wetmore, C.","91348","",2004,NA,NA,NA,"","","","","","",NA,NA,NA,"","",NA,"","","883271.2004","","","","","","Hymeneliaceae","Lecanorales","Lecanoromycetes","crustose","chlorococcoid"
"171",171,"Ionaspis lacustris",NA,"","","","",722969,"","","","","","Wetmore, C.","38348","",1979,NA,NA,NA,"","","","","","",NA,NA,NA,"","",NA,"","","722969.1979","","","","","","Hymeneliaceae","Lecanorales","Lecanoromycetes","crustose","chlorococcoid"
"172",172,"Ionaspis lacustris",NA,"","","","",941507,"","","","","","Wetmore, C.","82189","",1998,NA,NA,NA,"","","","","","",NA,NA,NA,"","",NA,"","","941507.1998","","","","","","Hymeneliaceae","Lecanorales","Lecanoromycetes","crustose","chlorococcoid"
"174",174,"Ionaspis lacustris",NA,"","","","",722968,"","","","","","Wetmore, C.","38351","",1979,NA,NA,NA,"","","","","","",NA,NA,NA,"","",NA,"","","722968.1979","","","","","","Hymeneliaceae","Lecanorales","Lecanoromycetes","crustose","chlorococcoid"
"175",175,"Ionaspis lacustris",NA,"","","","",821394,"","","","","","Wetmore, C.","70995","",1992,NA,NA,NA,"","","","","","",NA,NA,NA,"","",NA,"","","821394.1992","","","","","","Hymeneliaceae","Lecanorales","Lecanoromycetes","crustose","chlorococcoid"
"176",176,"Ionaspis lacustris",NA,"","","","",21568,"","","","","","Fink, B.","1528","",1901,NA,NA,NA,"","on rocks by water","","","","",NA,NA,NA,"","",NA,"","","21568.1901","","","","","","Hymeneliaceae","Lecanorales","Lecanoromycetes","crustose","chlorococcoid"
"177",177,"Ionaspis lacustris",NA,"","","","",868952,"","","","","","Wetmore, C.","83792","",1999,NA,NA,NA,"","","","","","",NA,NA,NA,"","",NA,"","","868952.1999","","","","","","Hymeneliaceae","Lecanorales","Lecanoromycetes","crustose","chlorococcoid"
"178",178,"Ionaspis lacustris",NA,"","","","",941345,"","","","","","Schuster, J.","3372","",1996,NA,NA,NA,"","","","","","",NA,NA,NA,"","",NA,"","","941345.1996","","","","","","Hymeneliaceae","Lecanorales","Lecanoromycetes","crustose","chlorococcoid"
"179",179,"Ionaspis lacustris",NA,"","","","",494709,"","","","","","Marr, J.","550","",1939,NA,NA,NA,"","","","","","",NA,NA,NA,"","",NA,"","","494709.1939","","","","","","Hymeneliaceae","Lecanorales","Lecanoromycetes","crustose","chlorococcoid"
"180",180,"Ionaspis lacustris",NA,"","","","",21567,"","","","","","Fink, B.","1518","",1901,NA,NA,NA,"","on rocks by water","","","","",NA,NA,NA,"","",NA,"","","21567.1901","","","","","","Hymeneliaceae","Lecanorales","Lecanoromycetes","crustose","chlorococcoid"
"181",181,"Ionaspis lacustris",NA,"","","","",723608,"","","","","","Wetmore, C.","21862","",1973,NA,NA,NA,"","","","","","",NA,NA,NA,"","",NA,"","","723608.1973","","","","","","Hymeneliaceae","Lecanorales","Lecanoromycetes","crustose","chlorococcoid"
"182",182,"Ionaspis lacustris",NA,"","","","",941346,"","","","","","Schuster, J.","3357","",1996,NA,NA,NA,"","on rock","","","","",NA,NA,NA,"","",NA,"","","941346.1996","","","","","","Hymeneliaceae","Lecanorales","Lecanoromycetes","crustose","chlorococcoid"
"195",195,"Loxospora elatina",NA,"","","","",715028,"","","","","","Wetmore, C.","32464","",1978,NA,NA,NA,"","on thuja","","","","",NA,NA,NA,"","",NA,"","","715028.1978","","","","","","Sarrameanaceae","Lecanorales","Lecanoromycetes","crustose","chlorococcoid"
"196",196,"Loxospora elatina",NA,"","","","",721720,"","","","","","Wetmore, C.","41756","",1980,NA,NA,NA,"","on thuja","","","","",NA,NA,NA,"","",NA,"","","721720.1980","","","","","","Sarrameanaceae","Lecanorales","Lecanoromycetes","crustose","chlorococcoid"
"197",197,"Loxospora elatina",NA,"","","","",808249,"","","","","","Wetmore, C.","67358","",1990,NA,NA,NA,"","on basswood","","","","",NA,NA,NA,"","",NA,"","","808249.1990","","","","","","Sarrameanaceae","Lecanorales","Lecanoromycetes","crustose","chlorococcoid"
"198",198,"Loxospora elatina",NA,"","","","",835895,"","","","","","Wetmore, C.","74768","",1994,NA,NA,NA,"","on quaking aspen","","","","",NA,NA,NA,"","",NA,"","","835895.1994","","","","","","Sarrameanaceae","Lecanorales","Lecanoromycetes","crustose","chlorococcoid"
"199",199,"Loxospora elatina",NA,"","","","",835292,"","","","","","Wetmore, C.","74303","",1994,NA,NA,NA,"","","","","","",NA,NA,NA,"","",NA,"","","835292.1994","","","","","","Sarrameanaceae","Lecanorales","Lecanoromycetes","crustose","chlorococcoid"
"200",200,"Loxospora elatina",NA,"","","","",933084,"","","","","","Wetmore, C.","100433","",2010,NA,NA,NA,"","on balsam fir","","","","",NA,NA,NA,"","",NA,"","","933084.2010","","","","","","Sarrameanaceae","Lecanorales","Lecanoromycetes","crustose","chlorococcoid"
"202",202,"Loxospora elatina",NA,"","","","",933077,"","","","","","Wetmore, C.","100441","",2010,NA,NA,NA,"","on white birch","","","","",NA,NA,NA,"","",NA,"","","933077.2010","","","","","","Sarrameanaceae","Lecanorales","Lecanoromycetes","crustose","chlorococcoid"
"203",203,"Loxospora elatina",NA,"","","","",714659,"","","","","","Wetmore, C.","39697","",1979,NA,NA,NA,"","on thuja","","","","",NA,NA,NA,"","",NA,"","","714659.1979","","","","","","Sarrameanaceae","Lecanorales","Lecanoromycetes","crustose","chlorococcoid"
"204",204,"Loxospora elatina",NA,"","","","",786482,"","","","","","Trana, T.","14092","",1986,NA,NA,NA,"","on dead balsam fir","","","","",NA,NA,NA,"","",NA,"","","786482.1986","","","","","","Sarrameanaceae","Lecanorales","Lecanoromycetes","crustose","chlorococcoid"
"205",205,"Loxospora elatina",NA,"","","","",723428,"","","","","","Wetmore, C.","27175","",1977,NA,NA,NA,"","on jack pine","","","","",NA,NA,NA,"","",NA,"","","723428.1977","","","","","","Sarrameanaceae","Lecanorales","Lecanoromycetes","crustose","chlorococcoid"
"206",206,"Loxospora elatina",NA,"","","","",21435,"","","","","","Fink, B.","638","",1897,NA,NA,NA,"","on trees","","","","",NA,NA,NA,"","",NA,"","","21435.1897","","","","","","Sarrameanaceae","Lecanorales","Lecanoromycetes","crustose","chlorococcoid"
"207",207,"Loxospora elatina",NA,"","","","",909332,"","","","","","Wetmore, C.","90159","",2003,NA,NA,NA,"","on thuja","","","","",NA,NA,NA,"","",NA,"","","909332.2003","","","","","","Sarrameanaceae","Lecanorales","Lecanoromycetes","crustose","chlorococcoid"
"208",208,"Loxospora elatina",NA,"","","","",869081,"","","","","","Wetmore, C.","83357","",1999,NA,NA,NA,"","on thuja","","","","",NA,NA,NA,"","",NA,"","","869081.1999","","","","","","Sarrameanaceae","Lecanorales","Lecanoromycetes","crustose","chlorococcoid"
"210",210,"Peltigera elisabethae",NA,"","","","",654408,"","","","","","Wetmore, C.","22769","",1974,NA,NA,NA,"","","","","","",NA,NA,NA,"","",NA,"","","654408.1974","","good","","","","Peltigeraceae","Peltigerales","Lecanoromycetes","foliose","cyanobacteria"
"211",211,"Peltigera elisabethae",NA,"","","","",785317,"","","","","","Wetmore, C.","57142","",1986,NA,NA,NA,"","","","","","",NA,NA,NA,"","",NA,"","","785317.1986","","good","","","","Peltigeraceae","Peltigerales","Lecanoromycetes","foliose","cyanobacteria"
"212",212,"Peltigera elisabethae",NA,"","","","",705182,"","","","","","Wetmore, C.","39669","",1979,NA,NA,NA,"","","","","","",NA,NA,NA,"","",NA,"","","705182.1979","","good","","","","Peltigeraceae","Peltigerales","Lecanoromycetes","foliose","cyanobacteria"
"213",213,"Peltigera elisabethae",NA,"","","","",17646,"","","","","","Fink, B.","s.n.","",1902,NA,NA,NA,"","","","","","",NA,NA,NA,"","",NA,"","","17646.1902","","","","","","Peltigeraceae","Peltigerales","Lecanoromycetes","foliose","cyanobacteria"
"214",214,"Peltigera elisabethae",NA,"","","","",802466,"","","","","","Wetmore, C.","63154","",1988,NA,NA,NA,"","","","","","",NA,NA,NA,"","",NA,"","","802466.1988","","","","","","Peltigeraceae","Peltigerales","Lecanoromycetes","foliose","cyanobacteria"
"215",215,"Peltigera elisabethae",NA,"","","","",785333,"","","","","","Wetmore, C.","57111","",1986,NA,NA,NA,"","","","","","",NA,NA,NA,"","",NA,"","","785333.1986","","good","","","","Peltigeraceae","Peltigerales","Lecanoromycetes","foliose","cyanobacteria"
"216",216,"Peltigera elisabethae",NA,"","","","",917362,"","","","","","Wetmore, C.","98864","",2009,NA,NA,NA,"","","","","","",NA,NA,NA,"","",NA,"","","917362.2009","","","","","","Peltigeraceae","Peltigerales","Lecanoromycetes","foliose","cyanobacteria"
"217",217,"Peltigera elisabethae",NA,"","","","",653339,"","","","","","Wetmore, C.","21701","",1973,NA,NA,NA,"","","","","","",NA,NA,NA,"","",NA,"","","653339.1973","","good","","","","Peltigeraceae","Peltigerales","Lecanoromycetes","foliose","cyanobacteria"
"218",218,"Peltigera elisabethae",NA,"","","","",931260,"","","","","","Wetmore, C.","100055","",2010,NA,NA,NA,"","","","","","",NA,NA,NA,"","",NA,"","","931260.2010","","good","","","","Peltigeraceae","Peltigerales","Lecanoromycetes","foliose","cyanobacteria"
"219",219,"Peltigera elisabethae",NA,"","","","",704718,"","","","","","Wetmore, C.","40429","",1979,NA,NA,NA,"","","","","","",NA,NA,NA,"","",NA,"","","704718.1979","","good","","","","Peltigeraceae","Peltigerales","Lecanoromycetes","foliose","cyanobacteria"
"220",220,"Peltigera elisabethae",NA,"","","","",835369,"","","","","","Wetmore, C.","74223","",1994,NA,NA,NA,"","","","","","",NA,NA,NA,"","",NA,"","","835369.1994","","","","","","Peltigeraceae","Peltigerales","Lecanoromycetes","foliose","cyanobacteria"
"221",221,"Peltigera elisabethae",NA,"","","","",17665,"","","","","","Fink, B.","121","",1897,NA,NA,NA,"","","","","","",NA,NA,NA,"","",NA,"","","17665.1897","","","","","","Peltigeraceae","Peltigerales","Lecanoromycetes","foliose","cyanobacteria"
"222",222,"Peltigera elisabethae",NA,"","","","",931324,"","","","","","Wetmore, C.","99961","",2010,NA,NA,NA,"","","","","","",NA,NA,NA,"","",NA,"","","931324.2010","","good","","","","Peltigeraceae","Peltigerales","Lecanoromycetes","foliose","cyanobacteria"
"223",223,"Peltigera elisabethae",NA,"","","","",17653,"","","","","","Fink, B.","373","",1901,NA,NA,NA,"","","","","","",NA,NA,NA,"","",NA,"","","17653.1901","","","","","","Peltigeraceae","Peltigerales","Lecanoromycetes","foliose","cyanobacteria"
"224",224,"Peltigera elisabethae",NA,"","","","",878661,"","","","","","Wetmore, C.","90115","",2003,NA,NA,NA,"","","","","","",NA,NA,NA,"","",NA,"","","878661.2003","","","","","","Peltigeraceae","Peltigerales","Lecanoromycetes","foliose","cyanobacteria"
"225",225,"Peltigera elisabethae",NA,"","","","",706424,"","","","","","Wetmore, C.","37643","",1979,NA,NA,NA,"","","","","","",NA,NA,NA,"","",NA,"","","706424.1979","","good","","","","Peltigeraceae","Peltigerales","Lecanoromycetes","foliose","cyanobacteria"
"226",226,"Peltigera elisabethae",NA,"","","","",867767,"","","","","","Wetmore, C.","83768","",1999,NA,NA,NA,"","","","","","",NA,NA,NA,"","",NA,"","","867767.1999","","","","","","Peltigeraceae","Peltigerales","Lecanoromycetes","foliose","cyanobacteria"
"227",227,"Pertusaria ophthalmiza",NA,"","","","",924087,"","","","","","Wetmore, C.","64189","",1989,NA,NA,NA,"","on black spruce","","","","",NA,NA,NA,"","",NA,"","","924087.1989","","","","","","Variolariaceae","Pertusariales","Lecanoromycetes","crustose","chlorococcoid"
"228",228,"Pertusaria ophthalmiza",NA,"","","","",813439,"","","","","","Wetmore, C.","68065","",1991,NA,NA,NA,"","on white birch","","","","",NA,NA,NA,"","",NA,"","","813439.1991","","","","","","Variolariaceae","Pertusariales","Lecanoromycetes","crustose","chlorococcoid"
"229",229,"Pertusaria ophthalmiza",NA,"","","","",884947,"","","","","","Wetmore, C.","92448","",2004,NA,NA,NA,"","on balsam fir","","","","",NA,NA,NA,"","",NA,"","","884947.2004","","","","","","Variolariaceae","Pertusariales","Lecanoromycetes","crustose","chlorococcoid"
"230",230,"Pertusaria ophthalmiza",NA,"","","","",887082,"","","","","","Wetmore, C.","94470","",2005,NA,NA,NA,"","on white pine","","","","",NA,NA,NA,"","",NA,"","","887082.2005","","","","","","Variolariaceae","Pertusariales","Lecanoromycetes","crustose","chlorococcoid"
"231",231,"Pertusaria ophthalmiza",NA,"","","","",885134,"","","","","","Johansson, P.","96","",2003,NA,NA,NA,"","on balsam fir","","","","",NA,NA,NA,"","",NA,"","","885134.2003","","","","","","Variolariaceae","Pertusariales","Lecanoromycetes","crustose","chlorococcoid"
"232",232,"Pertusaria ophthalmiza",NA,"","","","",732891,"","","","","","Wetmore, C.","27156","",1977,NA,NA,NA,"","on white birch","","","","",NA,NA,NA,"","",NA,"","","732891.1977","","","","","","Variolariaceae","Pertusariales","Lecanoromycetes","crustose","chlorococcoid"
"233",233,"Pertusaria ophthalmiza",NA,"","","","",786020,"","","","","","Trana, T.","14838","",1986,NA,NA,NA,"","on dead white birch","","","","",NA,NA,NA,"","",NA,"","","786020.1986","","","","","","Variolariaceae","Pertusariales","Lecanoromycetes","crustose","chlorococcoid"
"234",234,"Pertusaria ophthalmiza",NA,"","","","",924218,"","","","","","Wetmore, C.","18538","",1969,NA,NA,NA,"","on balsam fir","","","","",NA,NA,NA,"","",NA,"","","924218.1969","","","","","","Variolariaceae","Pertusariales","Lecanoromycetes","crustose","chlorococcoid"
"235",235,"Pertusaria ophthalmiza",NA,"","","","",718602,"","","","","","Wetmore, C.","40387","",1979,NA,NA,NA,"","on dead red maple","","","","",NA,NA,NA,"","",NA,"","","718602.1979","","","","","","Variolariaceae","Pertusariales","Lecanoromycetes","crustose","chlorococcoid"
"236",236,"Pertusaria ophthalmiza",NA,"","","","",924030,"","","","","","Wetmore, C.","76980","",1996,NA,NA,NA,"","on balsam fir","","","","",NA,NA,NA,"","",NA,"","","924030.1996","","","","","","Variolariaceae","Pertusariales","Lecanoromycetes","crustose","chlorococcoid"
"237",237,"Pertusaria ophthalmiza",NA,"","","","",21002,"","","","","","Fink, B.","410","",1897,NA,NA,NA,"","on trees","","","","",NA,NA,NA,"","",NA,"","","21002.1897","","","","","","Variolariaceae","Pertusariales","Lecanoromycetes","crustose","chlorococcoid"
"238",238,"Pertusaria ophthalmiza",NA,"","","","",786394,"","","","","","Trana, T.","14247","",1986,NA,NA,NA,"","on white birch","","","","",NA,NA,NA,"","",NA,"","","786394.1986","","","","","","Variolariaceae","Pertusariales","Lecanoromycetes","crustose","chlorococcoid"
"239",239,"Pertusaria ophthalmiza",NA,"","","","",718657,"","","","","","Wetmore, C.","40096","",1979,NA,NA,NA,"","on white pine","","","","",NA,NA,NA,"","",NA,"","","718657.1979","","","","","","Variolariaceae","Pertusariales","Lecanoromycetes","crustose","chlorococcoid"
"240",240,"Pertusaria ophthalmiza",NA,"","","","",21125,"","","","","","Fink, B.","726","",1900,NA,NA,NA,"","on birch","","","","",NA,NA,NA,"","",NA,"","","21125.1900","","","","","","Variolariaceae","Pertusariales","Lecanoromycetes","crustose","chlorococcoid"
"241",241,"Pertusaria ophthalmiza",NA,"","","","",868793,"","","","","","Wetmore, C.","82633","",1999,NA,NA,NA,"","on balsam fir","","","","",NA,NA,NA,"","",NA,"","","868793.1999","","","","","","Variolariaceae","Pertusariales","Lecanoromycetes","crustose","chlorococcoid"
"242",242,"Pertusaria ophthalmiza",NA,"","","","",718647,"","","","","","Wetmore, C.","40172","",1979,NA,NA,NA,"","on balsam fir","","","","",NA,NA,NA,"","",NA,"","","718647.1979","","","","","","Variolariaceae","Pertusariales","Lecanoromycetes","crustose","chlorococcoid"
"257",257,"Strigula submuriformis",NA,"","","","",889525,"","","","","","Ladd, D.","24748","",2003,NA,NA,NA,"","on carya ovata","","","","",NA,NA,NA,"","",NA,"","","889525.2003","","","","","","Strigulaceae","Strigulales","Dothideomycetes","crustose","trentepohlia"
"258",258,"Strigula submuriformis",NA,"","","","",673814,"","","","","","Wetmore, C.","22093","",1974,NA,NA,NA,"","on basswood","","","","",NA,NA,NA,"","",NA,"","","673814.1974","","","","","","Strigulaceae","Strigulales","Dothideomycetes","crustose","trentepohlia"
"259",259,"Strigula submuriformis",NA,"","","","",732093,"","","","","","Trana, T.","10124","",1980,NA,NA,NA,"","on bur oak","","","","",NA,NA,NA,"","",NA,"","","732093.1980","","","","","","Strigulaceae","Strigulales","Dothideomycetes","crustose","trentepohlia"
"260",260,"Strigula submuriformis",NA,"","","","",793455,"","","","","","Wetmore, C.","25883","",1976,NA,NA,NA,"","on sugar maple","","","","",NA,NA,NA,"","",NA,"","","793455.1976","","","","","","Strigulaceae","Strigulales","Dothideomycetes","crustose","trentepohlia"
"261",261,"Strigula submuriformis",NA,"","","","",653582,"","","","","","Wetmore, C.","s.n.","",1967,NA,NA,NA,"","","","","","",NA,NA,NA,"","",NA,"","","653582.1967","","","","","","Strigulaceae","Strigulales","Dothideomycetes","crustose","trentepohlia"
"262",262,"Strigula submuriformis",NA,"","","","",808184,"","","","","","Wetmore, C.","67423","",1990,NA,NA,NA,"","on white oak","","","","",NA,NA,NA,"","",NA,"","","808184.1990","","","","","","Strigulaceae","Strigulales","Dothideomycetes","crustose","trentepohlia"
"263",263,"Strigula submuriformis",NA,"","","","",886850,"","","","","","Wetmore, C.","93765","",2005,NA,NA,NA,"","on sugar maple","","","","",NA,NA,NA,"","",NA,"","","886850.2005","","","","","","Strigulaceae","Strigulales","Dothideomycetes","crustose","trentepohlia"
"264",264,"Strigula submuriformis",NA,"","","","",15236,"","","","","","Fink, B.","s.n.","",1893,NA,NA,NA,"","","","","","",NA,NA,NA,"","",NA,"","","15236.1893","","","","","","Strigulaceae","Strigulales","Dothideomycetes","crustose","trentepohlia"
"265",265,"Strigula submuriformis",NA,"","","","",15239,"","","","","","Fink, B.","32","",1899,NA,NA,NA,"","on trees, det harris","","","","",NA,NA,NA,"","",NA,"","","15239.1899","pieces too small, may have deleted scan","","","","","Strigulaceae","Strigulales","Dothideomycetes","crustose","trentepohlia"
"266",266,"Strigula submuriformis",NA,"","","","",673901,"","","","","","Wetmore, C.","24161","",1975,NA,NA,NA,"","on oak","","","","",NA,NA,NA,"","",NA,"","","673901.1975","","","","","","Strigulaceae","Strigulales","Dothideomycetes","crustose","trentepohlia"
"268",268,"Strigula submuriformis",NA,"","","","",835097,"","","","","","Wetmore, C.","74515","",1994,NA,NA,NA,"","on sugar maple","","","","",NA,NA,NA,"","",NA,"","","835097.1994","","","","","","Strigulaceae","Strigulales","Dothideomycetes","crustose","trentepohlia"
"269",269,"Strigula submuriformis",NA,"","","","",802227,"","","","","","Wetmore, C.","63027","",1988,NA,NA,NA,"","on bur oak","","","","",NA,NA,NA,"","",NA,"","","802227.1988","","","","","","Strigulaceae","Strigulales","Dothideomycetes","crustose","trentepohlia"
"270",270,"Strigula submuriformis",NA,"","","","",869896,"","","","","","Wheeler, G.","18619","",1998,NA,NA,NA,"","","","","","",NA,NA,NA,"","",NA,"","","869896.1998","","","","","","Strigulaceae","Strigulales","Dothideomycetes","crustose","trentepohlia"
"271",271,"Trypethelium virens",NA,"","","","",837542,"","","","","","Wetmore, C.","18064","",1968,NA,NA,NA,"","on carpinus","","","","",NA,NA,NA,"","",NA,"","","837542.1968","","","","","","Trypetheliaceae","Trypetheliales","Dothideomycetes","crustose","trentepohlia"
"272",272,"Trypethelium virens",NA,"","","","",777088,"","","","","","Sullivan, T.","3923","",1984,NA,NA,NA,"","on beech","","","","",NA,NA,NA,"","",NA,"","","777088.1984","","","","","","Trypetheliaceae","Trypetheliales","Dothideomycetes","crustose","trentepohlia"
"273",273,"Trypethelium virens",NA,"","","","",940227,"","","","","","Copeland, J.","1242A","",1931,NA,NA,NA,"","on beech","","","","",NA,NA,NA,"","",NA,"","","940227.1931","","","","","","Trypetheliaceae","Trypetheliales","Dothideomycetes","crustose","trentepohlia"
"274",274,"Trypethelium virens",NA,"","","","",779893,"","","","","","Wetmore, C.","29895","",1977,NA,NA,NA,"","on beech","","","","",NA,NA,NA,"","",NA,"","","779893.1977","","","","","","Trypetheliaceae","Trypetheliales","Dothideomycetes","crustose","trentepohlia"
"275",275,"Trypethelium virens",NA,"","","","",777244,"","","","","","Wetmore, C.","46138","",1983,NA,NA,NA,"","on beech","","","","",NA,NA,NA,"","",NA,"","","777244.1983","","","","","","Trypetheliaceae","Trypetheliales","Dothideomycetes","crustose","trentepohlia"
"276",276,"Trypethelium virens",NA,"","","","",837552,"","","","","","Wetmore, C.","12314","",1963,NA,NA,NA,"","on beech","","","","",NA,NA,NA,"","",NA,"","","837552.1963","","","","","","Trypetheliaceae","Trypetheliales","Dothideomycetes","crustose","trentepohlia"
"277",277,"Trypethelium virens",NA,"","","","",823916,"","","","","","Wetmore, C.","72984","",1993,NA,NA,NA,"","on beech","","","","",NA,NA,NA,"","",NA,"","","823916.1993","","","","","","Trypetheliaceae","Trypetheliales","Dothideomycetes","crustose","trentepohlia"
"278",278,"Trypethelium virens",NA,"","","","",804114,"","","","","","Wetmore, C.","64288","",1989,NA,NA,NA,"","","","","","",NA,NA,NA,"","",NA,"","","804114.1989","","","","","","Trypetheliaceae","Trypetheliales","Dothideomycetes","crustose","trentepohlia"
"279",279,"Trypethelium virens",NA,"","","","",804112,"","","","","","Wetmore, C.","64292","",1989,NA,NA,NA,"","on oak","","","","",NA,NA,NA,"","",NA,"","","804112.1989","","","","","","Trypetheliaceae","Trypetheliales","Dothideomycetes","crustose","trentepohlia"
"280",280,"Trypethelium virens",NA,"","","","",757172,"","","","","","Johnson, G.","6997","",1978,NA,NA,NA,"","","","","","",NA,NA,NA,"","",NA,"","","757172.1978","Possible low thallus reflectance due to substrate","","","","","Trypetheliaceae","Trypetheliales","Dothideomycetes","crustose","trentepohlia"
"281",281,"Trypethelium virens",NA,"","","","",757285,"","","","","","Johnson, G.","6260","",1965,NA,NA,NA,"","","","","","",NA,NA,NA,"","",NA,"","","757285.1965","","","","","","Trypetheliaceae","Trypetheliales","Dothideomycetes","crustose","trentepohlia"
"282",282,"Trypethelium virens",NA,"","","","",881364,"","","","","","Lendemer, J.","783","",2003,NA,NA,NA,"","on ilex","","","","",NA,NA,NA,"","",NA,"","","881364.2003","","","","","","Trypetheliaceae","Trypetheliales","Dothideomycetes","crustose","trentepohlia"
"283",283,"Trypethelium virens",NA,"","","","",837551,"","","","","","Wetmore, C.","12316","",1963,NA,NA,NA,"","on beech","","","","",NA,NA,NA,"","",NA,"","","837551.1963","trial 3 BAD","","","","","Trypetheliaceae","Trypetheliales","Dothideomycetes","crustose","trentepohlia"
"284",284,"Trypethelium virens",NA,"","","","",757306,"","","","","","Johnson, G.","1175","",1953,NA,NA,NA,"","on holly","","","","",NA,NA,NA,"","",NA,"","","757306.1953","","","","","","Trypetheliaceae","Trypetheliales","Dothideomycetes","crustose","trentepohlia"
"285",285,"Trypethelium virens",NA,"","","","",893664,"","","","","","Ryan, B.","27579","",1991,NA,NA,NA,"","","","","","",NA,NA,NA,"","",NA,"","","893664.1991","","","","","","Trypetheliaceae","Trypetheliales","Dothideomycetes","crustose","trentepohlia"
"286",286,"Trypethelium virens",NA,"","","","",944503,"","","","","","Bogue, E.","422","",1893,NA,NA,NA,"","on fagus ferruginea","","","","",NA,NA,NA,"","",NA,"","","944503.1893","small thallus, may be substrate reflectance","","","","","Trypetheliaceae","Trypetheliales","Dothideomycetes","crustose","trentepohlia"
"287",287,"Trypethelium virens",NA,"","","","",757307,"","","","","","Johnson, G.","1013","",1953,NA,NA,NA,"","","","","","",NA,NA,NA,"","",NA,"","","757307.1953","High reflectance, different, maybe substrate ","","","","","Trypetheliaceae","Trypetheliales","Dothideomycetes","crustose","trentepohlia"
"288",288,"Trypethelium virens",NA,"","","","",871614,"","","","","","Wetmore, C.","84997","",2000,NA,NA,NA,"","","","","","",NA,NA,NA,"","",NA,"","","871614.2000","extra dot after file name ","","","","","Trypetheliaceae","Trypetheliales","Dothideomycetes","crustose","trentepohlia"
"289",289,"Trypethelium virens",NA,"","","","",874993,"","","","","","Wetmore, C.","86145","",2001,NA,NA,NA,"","on holly","","","","",NA,NA,NA,"","",NA,"","","874993.2001","","","","","","Trypetheliaceae","Trypetheliales","Dothideomycetes","crustose","trentepohlia"
"290",290,"Trypethelium virens",NA,"","","","",944504,"","","","","","Plitt, C.","s.n.","",1911,NA,NA,NA,"","on ilex opaca","","","","",NA,NA,NA,"","",NA,"","","944504.1911","","","","","","Trypetheliaceae","Trypetheliales","Dothideomycetes","crustose","trentepohlia"
"291",291,"Trypethelium virens",NA,"","","","",582073,"","","","","","Dutton, D.","2128","",1924,NA,NA,NA,"","on beech","","","","",NA,NA,NA,"","",NA,"","","582073.1924","","","","","","Trypetheliaceae","Trypetheliales","Dothideomycetes","crustose","trentepohlia"
