id,institutionCode,collectionCode,basisOfRecord,occurrenceID,  ,kingdom,phylum,class,order,family,scientificName,scientificNameAuthorship,genus,specificEpithet,recordedBy,recordNumber,eventDate,year,month,day,startDayOfYear,endDayOfYear,verbatimEventDate,substrate,country,stateProvince,county,locality,localitySecurity,decimalLatitude,decimalLongitude,verbatimCoordinates,modified,collId,recordId,references,File Name,Notes,Quality,Chemistry,Chemistry Author,Source,Chemistry Methods
,,,,,944691,,,,,,Verrucaria fuscella,,,,"Fink, B.",s.n.,,1895,,,,,,on calcareous rock,,,,,,,,,,,,,944691.1895,,,,,,
,,,,,944504,,,,,,Trypethelium virens,,,,"Plitt, C.",s.n.,,1911,,,,,,on ilex opaca,,,,,,,,,,,,,944504.1911,,,,,,
,,,,,944503,,,,,,Trypethelium virens,,,,"Bogue, E.",422,,1893,,,,,,on fagus ferruginea,,,,,,,,,,,,,944503.1893,"small thallus, may be substrate reflectance",,,,,
,,,,,941507,,,,,,Ionaspis lacustris,,,,"Wetmore, C.",82189,,1998,,,,,,,,,,,,,,,,,,,941507.1998,,,,,,
,,,,,941346,,,,,,Ionaspis lacustris,,,,"Schuster, J.",3357,,1996,,,,,,on rock,,,,,,,,,,,,,941346.1996,,,,,,
,,,,,941345,,,,,,Ionaspis lacustris,,,,"Schuster, J.",3372,,1996,,,,,,,,,,,,,,,,,,,941345.1996,,,,,,
,,,,,941341,,,,,,Ionaspis lacustris,,,,"Schuster, J.",727,,1983,,,,,,on rock,,,,,,,,,,,,,941341.1983,,,,,,
,,,,,941334,,,,,,Graphis scripta,,,,"Schuster, J.",3341,,1996,,,,,,on oak,,,,,,,,,,,,,941334.1996,,,,,,
,,,,,940758,Fungi,Ascomycota,Lecanoromycetes,Lecanorales,Parmeliaceae,Flavoparmelia rutidota,(Hook. f. & Taylor) Hale,Flavoparmelia,rutidota,"Egan, R.",18580,5/21/2007,2007,5,21,141,,21-May-07,on branches,Mexico,Nuevo Leon,,"Sierra Madre Oriental, km Post 49, 3 km Nw of Ituribe, Along Rte 58",0,24.741472,-99.930778,"24°44'29.3""N, 99°55'50.8""W",6/2/2016 12:52,11,urn:uuid:c5a67394-bf61-4af2-9149-d92faaf9957d,http://bellatlas.umn.edu/collections/individual/index.php?occid=771092,940758.2007,,good,"usnic, protocetraric acids, fatty acids",Sol. A,On archive,
,,,,,940227,,,,,,Trypethelium virens,,,,"Copeland, J.",1242A,,1931,,,,,,on beech,,,,,,,,,,,,,940227.1931,,,,,,
,,,,,934451,Fungi,Ascomycota,Lecanoromycetes,Lecanorales,Parmeliaceae,Flavoparmelia subcapitata,(Nyl. ex Hasse) Hale ex DePriest & B.W. Hale,Flavoparmelia,subcapitata,"Wetmore, C.",75999,1/5/1996,1996,1,5,5,,5-Jan-96,,Mexico,Baja California Norte,,"Ensenada, Punta Banda W of",0,31.74166667,-116.725,"31°44'30""N, 116°43'30""W",6/2/2016 12:52,11,urn:uuid:2365d212-4a84-429a-9164-aeb38cf668ee,http://bellatlas.umn.edu/collections/individual/index.php?occid=770230,934451.1996,,BAD,,,,
,,,,,934442,Fungi,Ascomycota,Lecanoromycetes,Lecanorales,Parmeliaceae,Flavoparmelia subcapitata,(Nyl. ex Hasse) Hale ex DePriest & B.W. Hale,Flavoparmelia,subcapitata,"Wetmore, C.",72354,2/23/1993,1993,2,23,54,,23-Feb-93,on cactus,Mexico,Baja California Norte,,"El Rosario, 6 km N of",0,30.11666667,-115.7666667,"30°07'N, 115°46'W",6/2/2016 12:52,11,urn:uuid:e8ecdfb5-484f-4c25-861b-f74b1647c226,http://bellatlas.umn.edu/collections/individual/index.php?occid=770221,934442.2012,,good,,,,
,,,,,934441,Fungi,Ascomycota,Lecanoromycetes,Lecanorales,Parmeliaceae,Flavoparmelia subcapitata,(Nyl. ex Hasse) Hale ex DePriest & B.W. Hale,Flavoparmelia,subcapitata,"Wetmore, C.",72319,2/23/1993,1993,2,23,54,,23-Feb-93,,Mexico,Baja California Norte,,"El Rosario Wash, 10 km S of Bridge Over",0,30.05,-115.5833333,"30°03'N, 115°35'W",6/2/2016 12:52,11,urn:uuid:0ea43a3f-27ad-48a9-8ebe-c0f9aeed6303,http://bellatlas.umn.edu/collections/individual/index.php?occid=770220,No Data ,,"Not Scanned, bad",,,,
,,,,,934437,Fungi,Ascomycota,Lecanoromycetes,Lecanorales,Parmeliaceae,Flavoparmelia subcapitata,(Nyl. ex Hasse) Hale ex DePriest & B.W. Hale,Flavoparmelia,subcapitata,"Wetmore, C.",63531,1/3/1989,1989,1,3,3,,3-Jan-89,,Mexico,Baja California,,"Colonet, 2 km S of",0,31.06666667,-116.2166667,"31°04'N, 116°13'W",6/2/2016 12:52,11,urn:uuid:9704602e-824b-4818-91e6-3a59e098cfff,http://bellatlas.umn.edu/collections/individual/index.php?occid=770216,934437.1989,,BAD,,,,
,,,,,934038,Fungi,Ascomycota,Lecanoromycetes,Lecanorales,Parmeliaceae,Flavoparmelia soredians,(Nyl.) Hale,Flavoparmelia,soredians,"Wetmore, C.",78225,10/23/1997,1997,10,23,296,,23-Oct-97,,Australia,Western Australia,,"Mt. Barker, 9 km E of",0,-34.645,117.7769444,"34°38'42""S, 117°46'37""E",6/2/2016 12:52,11,urn:uuid:812c4c8d-ea95-4bdd-ae5b-49c11cb92bdc,http://bellatlas.umn.edu/collections/individual/index.php?occid=770202,934038.1997,,good,,,,
,,,,,934014,Fungi,Ascomycota,Lecanoromycetes,Lecanorales,Parmeliaceae,Flavoparmelia soredians,(Nyl.) Hale,Flavoparmelia,soredians,"Wetmore, C.",78927,11/12/1997,1997,11,12,316,,12-Nov-97,,Australia,Victoria,,"Bairnsdale, 16 km W of",0,-37.87222222,147.4619444,"37°52'20""S, 147°27'43""E",6/2/2016 12:52,11,urn:uuid:c254252b-b239-4b60-9cb7-2d5898edac70,http://bellatlas.umn.edu/collections/individual/index.php?occid=770178,934014.1997,,good,,,,
,,,,,933970,Fungi,Ascomycota,Lecanoromycetes,Lecanorales,Parmeliaceae,Flavoparmelia caperata,(L.) Hale,Flavoparmelia,caperata,"Wetmore, C.",100550,7/13/2012,2012,7,13,195,,13-Jul-12,on log,United States,Minnesota,Cook,"Mt Rose, N Side of; Grand Portage National Monument",0,47.96277778,-89.68861111,"47°57'46""N, 89°41'19""W",6/2/2016 12:52,11,urn:uuid:d1294a91-81e4-452e-8980-df5b4e4d671e,http://bellatlas.umn.edu/collections/individual/index.php?occid=770134,933970.2012,,good,,,,
,,,,,933105,Fungi,Ascomycota,Lecanoromycetes,Lecanorales,Parmeliaceae,Flavoparmelia caperata,(L.) Hale,Flavoparmelia,caperata,"Wetmore, C.",100411,8/18/2010,2010,8,18,230,,18-Aug-10,on balsam fir,United States,Minnesota,Cook,"Pigeon River, Ne of Grand Portage",0,47.99333333,-89.57277778,"47°59'36""N, 89°34'22""W",6/2/2016 12:52,11,urn:uuid:98e46500-7488-4c43-a6bf-36d8cdc4f09e,http://bellatlas.umn.edu/collections/individual/index.php?occid=769856,933105.2010,,good,,,,
,,,,,933084,,,,,,Loxospora elatina,,,,"Wetmore, C.",100433,,2010,,,,,,on balsam fir,,,,,,,,,,,,,933084.2010,,,,,,
,,,,,933077,,,,,,Loxospora elatina,,,,"Wetmore, C.",100441,,2010,,,,,,on white birch,,,,,,,,,,,,,933077.2010,,,,,,
,,,,,932520,,,,,,Rhizocarpon grande,,,,"Wetmore, C.",20534,,1972,,,,,,,,,,,,,,,,,,,,,,,,,
,,,,,932501,,,,,,Rhizocarpon grande,,,,"Wetmore, C.",41893,,1980,,,,,,,,,,,,,,,,,,,,,,,,,
,,,,,932490,,,,,,Rhizocarpon grande,,,,"Wetmore, C.",68106,,1991,,,,,,,,,,,,,,,,,,,,,,,,,
,,,,,931324,,,,,,Peltigera elisabethae,,,,"Wetmore, C.",99961,,2010,,,,,,,,,,,,,,,,,,,931324.2010,,good,,,,
,,,,,931260,,,,,,Peltigera elisabethae,,,,"Wetmore, C.",100055,,2010,,,,,,,,,,,,,,,,,,,931260.2010,,good,,,,
,,,,,930776,,,,,,Rhizocarpon grande,,,,"Wetmore, C.",26267,,1976,,,,,,,,,,,,,,,,,,,,,,,,,
,,,,,930553,,,,,,Rhizocarpon grande,,,,"Wetmore, C.",18630,,1969,,,,,,,,,,,,,,,,,,,,,,,,,
,,,,,924218,,,,,,Pertusaria ophthalmiza,,,,"Wetmore, C.",18538,,1969,,,,,,on balsam fir,,,,,,,,,,,,,924218.1969,,,,,,
,,,,,924087,,,,,,Pertusaria ophthalmiza,,,,"Wetmore, C.",64189,,1989,,,,,,on black spruce,,,,,,,,,,,,,924087.1989,,,,,,
,,,,,924030,,,,,,Pertusaria ophthalmiza,,,,"Wetmore, C.",76980,,1996,,,,,,on balsam fir,,,,,,,,,,,,,924030.1996,,,,,,
,,,,,918402,,,,,,Lecidea tessellata,,,,"Schuster, J.P.",104A,,1982,,,,,,lava flow,,,,,,,,,,,,,,,,,,,
,,,,,917363,Fungi,Ascomycota,Lecanoromycetes,Lecanorales,Parmeliaceae,Flavoparmelia caperata,(L.) Hale,Flavoparmelia,caperata,"Wetmore, C.",98863,8/26/2009,2009,8,26,238,,26-Aug-09,,United States,Minnesota,Cook,Se Facing Cliffs At South Fowl Lake,0,48.04138889,-90.01472222,"48°02'29""N, 90°00'53""W",6/2/2016 12:52,11,urn:uuid:318445ff-1540-4b60-8a02-705ebfcc7c71,http://bellatlas.umn.edu/collections/individual/index.php?occid=765966,917363.2009,,good,,,,
,,,,,917362,,,,,,Peltigera elisabethae,,,,"Wetmore, C.",98864,,2009,,,,,,,,,,,,,,,,,,,917362.2009,,,,,,
,,,,,916229,,,,,,Chrysothrix candelaris,,,,"Wetmore, C.",98139,,2009,,,,,,on balsam fir,,,,,,,,,,,,,916229.2009,,,,,,
,,,,,909332,,,,,,Loxospora elatina,,,,"Wetmore, C.",90159,,2003,,,,,,on thuja,,,,,,,,,,,,,909332.2003,,,,,,
,,,,,908288,Fungi,Ascomycota,Lecanoromycetes,Lecanorales,Parmeliaceae,Flavopunctelia soredica,(Nyl.) Hale,Flavopunctelia,soredica,"Wetmore, C.",97429,8/12/2008,2008,8,12,225,,12-Aug-08,on fallen balsam fir,United States,Minnesota,Cook,Mt. Josephine Ne of Grand Portage,0,47.98305556,-89.65972222,"47°58'59""N, 89°39'35""W",6/2/2016 12:52,11,urn:uuid:37608a7f-26bb-4a79-8f7e-fbaa5ff17310,http://bellatlas.umn.edu/collections/individual/index.php?occid=763872,908288.2008,,good,,,,
,,,,,907970,Fungi,Ascomycota,Lecanoromycetes,Lecanorales,Parmeliaceae,Flavopunctelia soredica,(Nyl.) Hale,Flavopunctelia,soredica,"Wetmore, C.",97264,7/9/2008,2008,7,9,191,,9-Jul-08,on fallen jack pine,United States,Minnesota,Anoka,"Anoka, N of Cloquet Island; Mississippi River Regional Park",0,45.22583333,-93.45694444,"45°13'33""N, 93°27'25""W",6/2/2016 12:52,11,urn:uuid:03eec08f-293f-418d-97e0-fbbd63732c99,http://bellatlas.umn.edu/collections/individual/index.php?occid=763570,907970.2008,,good,,,,
,,,,,907912,Fungi,Ascomycota,Lecanoromycetes,Lecanorales,Parmeliaceae,Flavopunctelia soredica,(Nyl.) Hale,Flavopunctelia,soredica,"Wetmore, C.",97244,7/9/2008,2008,7,9,191,,9-Jul-08,on silver maple,United States,Minnesota,Anoka,Nw Anoka; Mississippi River Regional Park,0,45.20916667,-93.41861111,"45°12'33""N, 93°25'07""W",6/2/2016 12:52,11,urn:uuid:d9dc9e56-786e-4952-b9fa-956bc31f3201,http://bellatlas.umn.edu/collections/individual/index.php?occid=763512,907912.2008,,good,,,,
,,,,,907472,,,,,,Candelaria concolor,,,,"Wetmore, C.",96920,,2008,,,,,,on cottonwood,,,,,,,,,,,,,907472.2008,,good,,,,
,,,,,907411,,,,,,Caloplaca flavovirescens,,,,"Wetmore, C.",96982,,2008,,,,,,,,,,,,,,,,,,,907411.2008,,,,,,
,,,,,907409,,,,,,Verrucaria fuscella,,,,"Wetmore, C.",96984,,2008,,,,,,,,,,,,,,,,,,,907409.2008,,,,,,
,,,,,907408,,,,,,Graphis scripta,,,,"Wetmore, C.",96985,,2008,,,,,,on basswood,,,,,,,,,,,,,907408.2008,,,,,,
,,,,,907402,,,,,,Caloplaca flavovirescens,,,,"Wetmore, C.",96991,,2008,,,,,,,,,,,,,,,,,,,907402.2008,,,,,,
,,,,,907397,,,,,,Graphis scripta,,,,"Wetmore, C.",96996,,2008,,,,,,on oak,,,,,,,,,,,,,907397.2008,,,,,,
,,,,,907368,,,,,,Candelaria concolor,,,,"Wetmore, C.",97025,,2008,,,,,,on cottonwood,,,,,,,,,,,,,907368.2008,,good,,,,
,,,,,903226,,,,,,Chrysothrix candelaris,,,,"Worthington, R.",31190,,2002,,,,,,on bark of white fir,,,,,,,,,,,,,903226.2002,,,,,,
,,,,,903218,,,,,,Baeomyces rufus,,,,"Olszewski, S.",4933J,,1999,,,,,,on shaded rocks,,,,,,,,,,,,,,,,,,,
,,,,,901847,,,,,,Caloplaca flavovirescens,,,,"Wetmore, C.",77238,,1997,,,,,,,,,,,,,,,,,,,901847.1997,,,,,,
,,,,,901843,,,,,,Caloplaca flavovirescens,,,,"Wetmore, C.",80507,,1998,,,,,,,,,,,,,,,,,,,901843.1998,,,,,,
,,,,,901650,Fungi,Ascomycota,Lecanoromycetes,Lecanorales,Parmeliaceae,Flavoparmelia caperata,(L.) Hale,Flavoparmelia,caperata,"Wetmore, C.",96815,8/7/2007,2007,8,7,219,,7-Aug-07,,United States,Minnesota,Cook,Smith Island In Poplar Lake; Superior National Forest,0,48.05138889,-90.51972222,"48°03'05""N, 90°31'11""W",6/2/2016 12:52,11,urn:uuid:9fd9265a-1798-4060-88ec-4987af3e5ab0,http://bellatlas.umn.edu/collections/individual/index.php?occid=761697,901650.2007,some moss amongst lichen,good,,,,
,,,,,901606,,,,,,Loxospora elatina,,,,"Wetmore, C.",96861,,2007,,,,,,on white birch,,,,,,,,,,,,,,,,,,,
,,,,,901582,,,,,,Dimelaena oreina,,,,"Wetmore, C.",95463,,2007,,,,,,,,,,,,,,,,,,,901582.2007,,,,,,
,,,,,900340,Fungi,Ascomycota,Lecanoromycetes,Lecanorales,Parmeliaceae,Flavoparmelia caperata,(L.) Hale,Flavoparmelia,caperata,"Hansen, J.",s.n.,5/18/1909,1909,5,18,138,,18-May-09,on log,United States,Minnesota,Stearns,Collegeville,0,,,,6/2/2016 12:52,11,urn:uuid:5ab0eb15-5393-4ea4-8171-9ae7b5fff03e,http://bellatlas.umn.edu/collections/individual/index.php?occid=760529,900340.1909,dark areas on lichen,okay,,,,
,,,,,900339,Fungi,Ascomycota,Lecanoromycetes,Lecanorales,Parmeliaceae,Flavoparmelia caperata,(L.) Hale,Flavoparmelia,caperata,"Agnes, M.",5,1912-10-00,1912,10,0,,,00/Oct/1912,on wood,United States,Minnesota,Saint Louis,Duluth,0,,,,6/2/2016 12:52,11,urn:uuid:53e6bb66-8c0f-4e00-baa2-ebad5071d196,http://bellatlas.umn.edu/collections/individual/index.php?occid=760528,900339.1912,,good,,,,
,,,,,894425,Fungi,Ascomycota,Lecanoromycetes,Lecanorales,Parmeliaceae,Flavoparmelia caperata,(L.) Hale,Flavoparmelia,caperata,"Schuster, J.",3371,5/4/1996,1996,5,4,125,,4-May-96,on dead branch,United States,Minnesota,Washington,Falls Creek Scientific Natural Area,0,,,,6/2/2016 12:52,11,urn:uuid:440ad26e-c5ce-45ef-87c7-fafec0de1fed,http://bellatlas.umn.edu/collections/individual/index.php?occid=758064,894425.1996,,good,,,,
,,,,,893664,,,,,,Trypethelium virens,,,,"Ryan, B.",27579,,1991,,,,,,,,,,,,,,,,,,,893664.1991,,,,,,
,,,,,889865,,,,,,Rhizocarpon grande,,,,"Reschke, C.",63,,2000,,,,,,,,,,,,,,,,,,,,,,,,,
,,,,,889836,,,,,,Rhizocarpon grande,,,,"Reschke, C.",1056,,2001,,,,,,,,,,,,,,,,,,,,,,,,,
,,,,,889791,,,,,,Lecidea tessellata,,,,"Reschke, C.",1181,,2001,,,,,,,,,,,,,,,,,,,,,,,,,
,,,,,889790,,,,,,Acarospora americana,,,,"Reschke, C.",1186,,2001,,,,,,,,,,,,,,,,,,,889790.2001,,good,,,,
,,,,,889787,,,,,,Lecidea tessellata,,,,"Reschke, C.",1194,,2001,,,,,,,,,,,,,,,,,,,889787.2001,,,,,,
,,,,,889720,,,,,,Lecidea tessellata,,,,"Reschke, C.",1405,,2001,,,,,,,,,,,,,,,,,,,889720.2001,,,,,,
,,,,,889715,,,,,,Ephebe ocellata,,,,"Reschke, C.",1414,,2001,,,,,,,,,,,,,,,,,,,889715.2001,,good,,,,
,,,,,889525,,,,,,Strigula submuriformis,,,,"Ladd, D.",24748,,2003,,,,,,on carya ovata,,,,,,,,,,,,,889525.2003,,,,,,
,,,,,887334,,,,,,Acarospora americana,,,,"Wetmore, C.",92592,,2004,,,,,,,,,,,,,,,,,,,887334.2004,,good,,,,
,,,,,887082,,,,,,Pertusaria ophthalmiza,,,,"Wetmore, C.",94470,,2005,,,,,,on white pine,,,,,,,,,,,,,887082.2005,,,,,,
,,,,,887072,,,,,,Baeomyces rufus,,,,"Wetmore, C.",94506,,2005,,,,,,,,,,,,,,,,,,,887072.2005,,,,,,
,,,,,886850,,,,,,Strigula submuriformis,,,,"Wetmore, C.",93765,,2005,,,,,,on sugar maple,,,,,,,,,,,,,886850.2005,,,,,,
,,,,,885134,,,,,,Pertusaria ophthalmiza,,,,"Johansson, P.",96,,2003,,,,,,on balsam fir,,,,,,,,,,,,,885134.2003,,,,,,
,,,,,884947,,,,,,Pertusaria ophthalmiza,,,,"Wetmore, C.",92448,,2004,,,,,,on balsam fir,,,,,,,,,,,,,884947.2004,,,,,,
,,,,,884900,,,,,,Umbilicaria muehlenbergii,,,,"Wetmore, C.",92496,,2004,,,,,,,,,,,,,,,,,,,884900.2004,,good,,,,
,,,,,884895,,,,,,Baeomyces rufus,,,,"Wetmore, C.",92501,,2004,,,,,,,,,,,,,,,,,,,884895.2004,,,,,,
,,,,,884825,,,,,,Umbilicaria muehlenbergii,,,,"Wetmore, C.",92572,,2004,,,,,,,,,,,,,,,,,,,884825.2004,,good,,,,
,,,,,883271,,,,,,Ionaspis lacustris,,,,"Wetmore, C.",91348,,2004,,,,,,,,,,,,,,,,,,,883271.2004,,,,,,
,,,,,881733,Fungi,Ascomycota,Lecanoromycetes,Lecanorales,Parmeliaceae,Flavoparmelia caperata,(L.) Hale,Flavoparmelia,caperata,"Cole, M.",2075,7/24/1996,1996,7,24,206,,24-Jul-96,on fallen pine,United States,Minnesota,Clearwater,Okerson Heights Trail Near Budd Lake; Itasca State Park,0,47.16388889,-95.175,"47°09'50""N, 95°10'30""W",6/2/2016 12:52,11,urn:uuid:ab99e9c0-a297-472d-b15f-6767f98fc0bb,http://bellatlas.umn.edu/collections/individual/index.php?occid=747557,881733.1996,,good,,,,
,,,,,881364,,,,,,Trypethelium virens,,,,"Lendemer, J.",783,,2003,,,,,,on ilex,,,,,,,,,,,,,881364.2003,,,,,,
,,,,,879812,,,,,,Acarospora americana,,,,"Wetmore, C.",88052,,2002,,,,,,,,,,,,,,,,,,,879812.2002,,good,,,,
,,,,,878661,,,,,,Peltigera elisabethae,,,,"Wetmore, C.",90115,,2003,,,,,,,,,,,,,,,,,,,878661.2003,,,,,,
,,,,,877642,Fungi,Ascomycota,Lecanoromycetes,Lecanorales,Parmeliaceae,Flavoparmelia caperata,(L.) Hale,Flavoparmelia,caperata,"Wetmore, C.",87918,6/13/2002,2002,6,13,164,,13-Jun-02,on thuja,United States,Minnesota,Saint Louis,3.5 Mi N of Kinney; Superior National Forest,0,47.56555556,-92.74972222,"47°33'56""N, 92°44'59""W",6/2/2016 12:52,11,urn:uuid:0fb81f70-62c4-48de-b890-520cb7494ad5,http://bellatlas.umn.edu/collections/individual/index.php?occid=744719,877642.2002,dark spots on lichen show low reflectance %,good,,,,
,,,,,874993,,,,,,Trypethelium virens,,,,"Wetmore, C.",86145,,2001,,,,,,on holly,,,,,,,,,,,,,874993.2001,,,,,,
,,,,,874527,Fungi,Ascomycota,Lecanoromycetes,Lecanorales,Parmeliaceae,Flavopunctelia flaventior,(Stirt.) Hale,Flavopunctelia,flaventior,"Wetmore, C.",87142,7/24/2001,2001,7,24,205,,24-Jul-01,on thuja,United States,Minnesota,Saint Louis,W of Norway Point; Superior National Forest,0,47.42916667,-92.15833333,"47°25'45""N, 92°09'30""W",6/2/2016 12:52,11,urn:uuid:53f68b3a-9410-4a73-98af-0a63be17ac02,http://bellatlas.umn.edu/collections/individual/index.php?occid=743030,874527.2001,,good,,,,
,,,,,874339,Fungi,Ascomycota,Lecanoromycetes,Lecanorales,Parmeliaceae,Flavopunctelia soredica,(Nyl.) Hale,Flavopunctelia,soredica,"Wetmore, C.",87230,7/28/2001,2001,7,28,209,,28-Jul-01,on balsam fir,United States,Minnesota,Saint Louis,1.5 Mi N of Pfeifer Lake; Superior National Forest,0,47.76555556,-92.46305556,"47°45'56""N, 92°27'47""W",6/2/2016 12:52,11,urn:uuid:09cbf22b-8716-4e6b-a7a6-2bfb0db14510,http://bellatlas.umn.edu/collections/individual/index.php?occid=742842,874339.2001,,good,,,,
,,,,,874310,Fungi,Ascomycota,Lecanoromycetes,Lecanorales,Parmeliaceae,Flavopunctelia flaventior,(Stirt.) Hale,Flavopunctelia,flaventior,"Wetmore, C.",87272,7/29/2001,2001,7,29,210,,29-Jul-01,,United States,Minnesota,Saint Louis,3.5 Mi E of Idington; Superior National Forest,0,47.74527778,-92.56583333,"47°44'43""N, 92°33'57""W",6/2/2016 12:52,11,urn:uuid:f0c7900b-912a-4250-b55a-07dcf49448e5,http://bellatlas.umn.edu/collections/individual/index.php?occid=742813,874310.2001,,good,,,,
,,,,,874253,Fungi,Ascomycota,Lecanoromycetes,Lecanorales,Parmeliaceae,Flavopunctelia flaventior,(Stirt.) Hale,Flavopunctelia,flaventior,"Wetmore, C.",87362,7/29/2001,2001,7,29,210,,29-Jul-01,on red maple,United States,Minnesota,Saint Louis,S of Idington Station; Superior National Forest,0,47.73944444,-92.62638889,"47°44'22""N, 92°37'35""W",6/2/2016 12:52,11,urn:uuid:6b846e16-ea6a-43ac-a6de-5184bcd7e9cf,http://bellatlas.umn.edu/collections/individual/index.php?occid=742756,874253.2001,,good,,,,
,,,,,873667,,,,,,Chrysothrix candelaris,,,,"Wetmore, C.",86602,,2001,,,,,,on black cherry,,,,,,,,,,,,,873667.2001,,,,,,
,,,,,873112,,,,,,Baeomyces rufus,,,,"Wetmore, C.",86830,,2001,,,,,,,,,,,,,,,,,,,,,,,,,
,,,,,873051,,,,,,Baeomyces rufus,,,,"Wetmore, C.",87018,,2001,,,,,,,,,,,,,,,,,,,873051.2001,,,,,,
,,,,,872387,Fungi,Ascomycota,Lecanoromycetes,Lecanorales,Parmeliaceae,Flavoparmelia euplecta,(Stirt.) Hale,Flavoparmelia,euplecta,"Wetmore, C.",78234,10/23/1997,1997,10,23,296,,23-Oct-97,,Australia,Western Australia,,"Mt. Barker, 9 Km E of",0,-34.645,117.7769444,"34°38'42""S, 117°46'37""E",6/2/2016 12:52,11,urn:uuid:edf6922a-8464-400a-9984-33c14de98954,http://bellatlas.umn.edu/collections/individual/index.php?occid=740949,872387.1997,,good,,,,
,,,,,872336,Fungi,Ascomycota,Lecanoromycetes,Lecanorales,Parmeliaceae,Flavoparmelia haysomii,(C.W. Dodge) Hale,Flavoparmelia,haysomii,"Wetmore, C.",78451,10/31/1997,1997,10,31,304,,31-Oct-97,,Australia,New South Wales,,"Booral, S of; Rex Filson'S Home",0,-32.48555556,151.9527778,"32°29'08""S, 151°57'10""E",6/2/2016 12:52,11,urn:uuid:a8b24c82-e75d-4957-8f78-3e711025642b,http://bellatlas.umn.edu/collections/individual/index.php?occid=740898,872336.1997,,good,,,,
,,,,,871614,,,,,,Trypethelium virens,,,,"Wetmore, C.",84997,,2000,,,,,,,,,,,,,,,,,,,871614.2000,extra dot after file name ,,,,,
,,,,,869896,,,,,,Strigula submuriformis,,,,"Wheeler, G.",18619,,1998,,,,,,,,,,,,,,,,,,,869896.1998,,,,,,
,,,,,869651,,,,,,Dimelaena oreina,,,,"Wheeler, G.",19595,,1999,,,,,,,,,,,,,,,,,,,869651.1999,,,,,,
,,,,,869634,,,,,,Dimelaena oreina,,,,"Wheeler, G.",19625,,1999,,,,,,,,,,,,,,,,,,,869634.1999,,,,,,
,,,,,869562,,,,,,Candelaria concolor,,,,"Wheeler, G.",19905,,1999,,,,,,on fallen tree,,,,,,,,,,,,,869562.1999,,good,,,,
,,,,,869518,,,,,,Candelaria concolor,,,,"Wheeler, G.",20007,,1999,,,,,,,,,,,,,,,,,,,869518.1999,,good,,,,
,,,,,869319,,,,,,Chrysothrix candelaris,,,,"Nash, T.",41023,,1994,,,,,,pseudotsuga menziesii,,,,,,,,,,,,,869319.1994,,,,,,
,,,,,869081,,,,,,Loxospora elatina,,,,"Wetmore, C.",83357,,1999,,,,,,on thuja,,,,,,,,,,,,,869081.1999,,,,,,
,,,,,868966,,,,,,Baeomyces rufus,,,,"Wetmore, C.",83722,,1999,,,,,,,,,,,,,,,,,,,868966.1999,,,,,,
,,,,,868952,,,,,,Ionaspis lacustris,,,,"Wetmore, C.",83792,,1999,,,,,,,,,,,,,,,,,,,868952.1999,,,,,,
,,,,,868841,,,,,,Graphis scripta,,,,"Wetmore, C.",82491,,1999,,,,,,on ash,,,,,,,,,,,,,868841.1999,,,,,,
,,,,,868793,,,,,,Pertusaria ophthalmiza,,,,"Wetmore, C.",82633,,1999,,,,,,on balsam fir,,,,,,,,,,,,,868793.1999,,,,,,
,,,,,867767,,,,,,Peltigera elisabethae,,,,"Wetmore, C.",83768,,1999,,,,,,,,,,,,,,,,,,,867767.1999,,,,,,
,,,,,867615,Fungi,Ascomycota,Lecanoromycetes,Lecanorales,Parmeliaceae,Flavoparmelia caperata,(L.) Hale,Flavoparmelia,caperata,"Wetmore, C.",82361,6/23/1999,1999,6,23,174,,23-Jun-99,on thuja,United States,Minnesota,Saint Louis,North of Pfeifer Lake; Superior National Forest,0,47.75666667,-92.46555556,"47°45'24""N, 92°27'56""W",6/2/2016 12:52,11,urn:uuid:f81f65f4-5616-440e-8b04-4a7b0adb6b13,http://bellatlas.umn.edu/collections/individual/index.php?occid=737008,867615.1999,,good,,,,
,,,,,867540,,,,,,Umbilicaria muehlenbergii,,,,"Wetmore, C.",82457,,1999,,,,,,,,,,,,,,,,,,,867540.1999,,good,,,,
,,,,,863485,,,,,,Dimelaena oreina,,,,"Wetmore, C.",23394,,1974,,,,,,,,,,,,,,,,,,,863485.1974,,,,,,
,,,,,863336,Fungi,Ascomycota,Lecanoromycetes,Lecanorales,Parmeliaceae,Flavoparmelia caperata,(L.) Hale,Flavoparmelia,caperata,"Egan, R.",13207,5/19/1986,1986,5,19,139,,19-May-86,,United States,Minnesota,Cook,Between Schroeder And Tofte; Temperance River State Park,0,,,,6/2/2016 12:52,11,urn:uuid:9a797b7b-2761-4cdc-953a-dc7a51828f48,http://bellatlas.umn.edu/collections/individual/index.php?occid=734666,863336.1986,,good,,,,
,,,,,863268,,,,,,Dimelaena oreina,,,,"Saltveit, M.",100,,1970,,,,,,,,,,,,,,,,,,,863268.1970,,,,,,
,,,,,862538,,,,,,Chrysothrix candelaris,,,,"Egan, R.",4097,,1973,,,,,,,,,,,,,,,,,,,862538.1973,,,,,,
,,,,,862472,,,,,,Chrysothrix candelaris,,,,"Egan, R.",9336,,1976,,,,,,,,,,,,,,,,,,,862472.1976,,,,,,
,,,,,858575,Fungi,Ascomycota,Lecanoromycetes,Lecanorales,Parmeliaceae,Flavoparmelia baltimorensis,(Gyeln. & Fóriss) Hale,Flavoparmelia,baltimorensis,"Wheeler, G.",16088,6/10/1997,1997,6,10,161,,10-Jun-97,,United States,Minnesota,Redwood,6 Mi Nne of Morgan,0,,,,6/2/2016 12:52,11,urn:uuid:b2c407b0-d68e-4393-8bc1-de53a87ff78d,http://bellatlas.umn.edu/collections/individual/index.php?occid=731499,858575.1997,,good,,,,
,,,,,858554,,,,,,Candelaria concolor,,,,"Wheeler, G.",16317,,1997,,,,,,celtis occidentalis,,,,,,,,,,,,,858554.1997,,good,,,,
,,,,,858447,Fungi,Ascomycota,Lecanoromycetes,Lecanorales,Parmeliaceae,Flavoparmelia baltimorensis,(Gyeln. & Fóriss) Hale,Flavoparmelia,baltimorensis,"Wheeler, G.",17339,8/28/1997,1997,8,28,240,,28-Aug-97,,United States,Minnesota,Nicollet,2.5 Mi Nw of Courtland,0,,,,6/2/2016 12:52,11,urn:uuid:3f221c21-5bce-45d8-8873-f19564f0187b,http://bellatlas.umn.edu/collections/individual/index.php?occid=731371,858447.1997,,good,,,,
,,,,,858435,,,,,,Dimelaena oreina,,,,"Wheeler, G.",17423,,1997,,,,,,,,,,,,,,,,,,,858435.1997,,,,,,
,,,,,858414,,,,,,Caloplaca flavovirescens,,,,"Wheeler, G.",17560,,1997,,,,,,,,,,,,,,,,,,,858414.1997,,,,,,
,,,,,858034,,,,,,Strigula submuriformis,,,,"Wheeler, G.",16344,,1997,,,,,,bark of quercus macrocarpa,,,,,,,,,,,,,,"No record in notes, may be in files",,,,,
771092,MIN,Lichens,PreservedSpecimen,urn:uuid:c5a67394-bf61-4af2-9149-d92faaf9957d,854654,Fungi,Ascomycota,Lecanoromycetes,Lecanorales,Parmeliaceae,Flavoparmelia haysomii,(C.W. Dodge) Hale,Flavoparmelia,haysomii,"Streimann, H.",54301,9/14/1994,1994,9,14,257,,14-Sep-94,exposed boulder,Australia,Western Australia,,Mt. Chudalup,0,-34.76666667,116.0833333,"34°46' S, 116°05' E",6/2/2016 12:52,11,urn:uuid:15ab32a7-f129-4209-961a-b83827373ec3,http://bellatlas.umn.edu/collections/individual/index.php?occid=730075,854654.1994,,good,,,,
770230,MIN,Lichens,PreservedSpecimen,urn:uuid:2365d212-4a84-429a-9164-aeb38cf668ee,854633,Fungi,Ascomycota,Lecanoromycetes,Lecanorales,Parmeliaceae,Flavoparmelia haysomii,(C.W. Dodge) Hale,Flavoparmelia,haysomii,"Streimann, H.",55062,9/30/1994,1994,9,30,273,,30-Sep-94,boulder,Australia,South Australia,,"Cape Borda, 18 km Sse of",0,-35.71666667,136.7666667,"35°43' S, 136°46' E",6/2/2016 12:52,11,urn:uuid:88cea78b-fecf-4936-b455-ae7ae03cd5ef,http://bellatlas.umn.edu/collections/individual/index.php?occid=730054,854633.1994,,good,,,,
770221,MIN,Lichens,PreservedSpecimen,urn:uuid:e8ecdfb5-484f-4c25-861b-f74b1647c226,854596,Fungi,Ascomycota,Lecanoromycetes,Lecanorales,Parmeliaceae,Flavoparmelia haysomii,(C.W. Dodge) Hale,Flavoparmelia,haysomii,"Streimann, H.",55370,10/5/1994,1994,10,5,278,,5-Oct-94,semi-shaded boulder,Australia,Victoria,,"Ararat, 24 km Ene of; Mount Cole State Forest",0,-37.21666667,143.2,"37°13' S, 143°12' E",6/2/2016 12:52,11,urn:uuid:39f57aab-831e-4762-83a8-e4f410c22536,http://bellatlas.umn.edu/collections/individual/index.php?occid=730017,854596.1994,,good,,,,
,,,,,854486,,,,,,Baeomyces rufus,,,,"Wetmore, C.",22793,,1974,,,,,,on roadside bank,,,,,,,,,,,,,854486.1974,,,,,,
,,,,,846958,,,,,,Acarospora americana,,,,"Schuster, J.",2574,,1990,,,,,,,,,,,,,,,,,,,846958.1990,,good,,,,
,,,,,846036,,,,,,Verrucaria fuscella,,,,"Wetmore, C.",76347,,1996,,,,,,,,,,,,,,,,,,,846036.1996,,,,,,
770220,MIN,Lichens,PreservedSpecimen,urn:uuid:0ea43a3f-27ad-48a9-8ebe-c0f9aeed6303,841487,,,,,,Xanthoparmelia darrowii,,Parmelia,darrowii,"Egan, R.",13645,12/31/1988,1988,12,31,366,,31-Dec-88,on oak,United States,Arizona,Santa Cruz,"Santa Rita Mountains, Madera Canyon Trail",0,31.71666667,-110.8666667,"31°43'N, 110°52'W",6/2/2016 12:48,11,urn:uuid:8cbddfd7-3a37-4edd-a559-45e5295ff62f,http://bellatlas.umn.edu/collections/individual/index.php?occid=725057,841487.1988,,good,"usnic, and lecanoric acids",Egan. R,On archive,
770216,MIN,Lichens,PreservedSpecimen,urn:uuid:9704602e-824b-4818-91e6-3a59e098cfff,840990,,,,,,Xanthoparmelia darrowii,,Parmelia,darrowii,"Wetmore, C.",63402,12/31/1988,1988,12,31,366,,31-Dec-88,,United States,Arizona,Santa Cruz,"Santa Rita Mountains, Madera Canyon",0,31.70833333,-110.8688889,"31°42'30""N, 110°52'08""W",6/2/2016 12:48,11,urn:uuid:f0084473-a14a-49e8-a1f8-c52c3afab399,http://bellatlas.umn.edu/collections/individual/index.php?occid=724929,840990.1988,,good,"usnic, and lecanoric acids",Egan. R,On archive,
,,,,,837552,,,,,,Trypethelium virens,,,,"Wetmore, C.",12314,,1963,,,,,,on beech,,,,,,,,,,,,,837552.1963,,,,,,
,,,,,837551,,,,,,Trypethelium virens,,,,"Wetmore, C.",12316,,1963,,,,,,on beech,,,,,,,,,,,,,837551.1963,trial 3 BAD,,,,,
,,,,,837542,,,,,,Trypethelium virens,,,,"Wetmore, C.",18064,,1968,,,,,,on carpinus,,,,,,,,,,,,,837542.1968,,,,,,
,,,,,836415,,,,,,Lecidea tessellata,,,,"Wetmore, C.",75488,,1995,,,,,,on rock,,,,,,,,,,,,,,,,,,,
,,,,,835895,,,,,,Loxospora elatina,,,,"Wetmore, C.",74768,,1994,,,,,,on quaking aspen,,,,,,,,,,,,,835895.1994,,,,,,
,,,,,835369,,,,,,Peltigera elisabethae,,,,"Wetmore, C.",74223,,1994,,,,,,,,,,,,,,,,,,,835369.1994,,,,,,
,,,,,835345,,,,,,Umbilicaria muehlenbergii,,,,"Wetmore, C.",74249,,1994,,,,,,,,,,,,,,,,,,,835345.1994,,good,,,,
,,,,,835292,,,,,,Loxospora elatina,,,,"Wetmore, C.",74303,,1994,,,,,,,,,,,,,,,,,,,835292.1994,,,,,,
,,,,,835136,,,,,,Dimelaena oreina,,,,"Wetmore, C.",74474,,1994,,,,,,,,,,,,,,,,,,,835136.1994,,,,,,
,,,,,835097,,,,,,Strigula submuriformis,,,,"Wetmore, C.",74515,,1994,,,,,,on sugar maple,,,,,,,,,,,,,835097.1994,,,,,,
,,,,,834457,,,,,,Baeomyces rufus,,,,"Wetmore, C.",74196,,1994,,,,,,,,,,,,,,,,,,,,,,,,,
,,,,,827668,,,,,,Candelaria concolor,,,,"Shimek, B.",s.n.,,1916,,,,,,on bur oak,,,,,,,,,,,,,827668.1916,,good,,,,
,,,,,827613,,,,,,Candelaria concolor,,,,"Shimek, B.",s.n.,,1902,,,,,,,,,,,,,,,,,,,827613.1902,,good,,,,
,,,,,823916,,,,,,Trypethelium virens,,,,"Wetmore, C.",72984,,1993,,,,,,on beech,,,,,,,,,,,,,823916.1993,,,,,,
,,,,,823280,,,,,,Verrucaria fuscella,,,,"Wetmore, C.",56428,,1986,,,,,,,,,,,,,,,,,,,823280.1986,,,,,,
,,,,,821394,,,,,,Ionaspis lacustris,,,,"Wetmore, C.",70995,,1992,,,,,,,,,,,,,,,,,,,821394.1992,,,,,,
,,,,,815563,,,,,,Candelaria concolor,,,,"Schuster, J.",2640,,1991,,,,,,on deciduous tree,,,,,,,,,,,,,815563.1991,,good,,,,
,,,,,815554,,,,,,Candelaria concolor,,,,"Schuster, J.",2672,,1991,,,,,,on dead branch,,,,,,,,,,,,,815554.1991,,good,,,,
,,,,,814980,,,,,,Candelaria concolor,,,,"Schuster, J.",2454,,1990,,,,,,on elm,,,,,,,,,,,,,814980.1990,,good,,,,
,,,,,814970,,,,,,Dimelaena oreina,,,,"Schuster, J.",2471,,1990,,,,,,,,,,,,,,,,,,,814970.1990,,,,,,
,,,,,814573,,,,,,Verrucaria fuscella,,,,"Wetmore, C.",68347,,1991,,,,,,,,,,,,,,,,,,,814573.1991,,,,,,
,,,,,813488,,,,,,Caloplaca flavovirescens,,,,"Wetmore, C.",67902,,1991,,,,,,,,,,,,,,,,,,,813488.1991,,,,,,
,,,,,813439,,,,,,Pertusaria ophthalmiza,,,,"Wetmore, C.",68065,,1991,,,,,,on white birch,,,,,,,,,,,,,813439.1991,,,,,,
,,,,,813257,,,,,,Ephebe ocellata,,,,"Wetmore, C.",68038,,1991,,,,,,on rock in stream,,,,,,,,,,,,,813257.1991,,good,,,,
770202,MIN,Lichens,PreservedSpecimen,urn:uuid:812c4c8d-ea95-4bdd-ae5b-49c11cb92bdc,812406,Fungi,Ascomycota,Lecanoromycetes,Lecanorales,Parmeliaceae,Flavopunctelia praesignis,(Nyl.) Hale,Flavopunctelia,praesignis,"Nash, T.",27409,10/21/1988,1988,10,21,295,,21-Oct-88,on pinus cembroides,United States,Arizona,Pima,"Baboquivari Peak, Saddle N of",0,,,,6/2/2016 12:52,11,urn:uuid:62b18631-ed0b-4094-a707-20c44ef6f572,http://bellatlas.umn.edu/collections/individual/index.php?occid=713757,812406.1988,,good,"usnic, lecanoric, and 5-chlorolecanoric acids",Egan. R,On archive,
770178,MIN,Lichens,PreservedSpecimen,urn:uuid:c254252b-b239-4b60-9cb7-2d5898edac70,812391,Fungi,Ascomycota,Lecanoromycetes,Lecanorales,Parmeliaceae,Neofuscelia verruculifera,(Nyl.) Essl.,Neofuscelia,verruculifera,"Nash, T.",27816,5/25/1989,1989,5,25,145,,25-May-89,on sandstone,Argentina,Salta,,Valle Encantado,0,,,,6/2/2016 12:52,11,urn:uuid:1a587889-3c94-439c-a4c0-13d306ae7828,http://bellatlas.umn.edu/collections/individual/index.php?occid=713742,812391.1989,,good,,,,
,,,,,808249,,,,,,Loxospora elatina,,,,"Wetmore, C.",67358,,1990,,,,,,on basswood,,,,,,,,,,,,,808249.1990,,,,,,
,,,,,808184,,,,,,Strigula submuriformis,,,,"Wetmore, C.",67423,,1990,,,,,,on white oak,,,,,,,,,,,,,808184.1990,,,,,,
,,,,,804114,,,,,,Trypethelium virens,,,,"Wetmore, C.",64288,,1989,,,,,,,,,,,,,,,,,,,804114.1989,,,,,,
,,,,,804112,,,,,,Trypethelium virens,,,,"Wetmore, C.",64292,,1989,,,,,,on oak,,,,,,,,,,,,,804112.1989,,,,,,
,,,,,802685,,,,,,Acarospora americana,,,,"Wetmore, C.",62608,,1988,,,,,,,,,,,,,,,,,,,80268.1988,,good,,,,
,,,,,802661,,,,,,Graphis scripta,,,,"Wetmore, C.",62670,,1988,,,,,,,,,,,,,,,,,,,802661.1988,,,,,,
,,,,,802646,,,,,,Chrysothrix candelaris,,,,"Wetmore, C.",62685,,1988,,,,,,on basswood,,,,,,,,,,,,,802646.1988,,,,,,
,,,,,802632,,,,,,Graphis scripta,,,,"Wetmore, C.",62699,,1988,,,,,,on carpinus,,,,,,,,,,,,,802632.1988,,,,,,
,,,,,802466,,,,,,Peltigera elisabethae,,,,"Wetmore, C.",63154,,1988,,,,,,,,,,,,,,,,,,,802466.1988,,,,,,
,,,,,802227,,,,,,Strigula submuriformis,,,,"Wetmore, C.",63027,,1988,,,,,,on bur oak,,,,,,,,,,,,,802227.1988,,,,,,
,,,,,793455,,,,,,Strigula submuriformis,,,,"Wetmore, C.",25883,,1976,,,,,,on sugar maple,,,,,,,,,,,,,793455.1976,,,,,,
,,,,,793323,,,,,,Chrysothrix candelaris,,,,"Wetmore, C.",41664,,1980,,,,,,on black spruce,,,,,,,,,,,,,793323.1980,,,,,,
,,,,,786519,,,,,,Rhizocarpon grande,,,,"Trana, T.",14032,,1986,,,,,,,,,,,,,,,,,,,786519.1986,,,,,,
,,,,,786482,,,,,,Loxospora elatina,,,,"Trana, T.",14092,,1986,,,,,,on dead balsam fir,,,,,,,,,,,,,786482.1986,,,,,,
,,,,,786476,,,,,,Caloplaca flavovirescens,,,,"Trana, T.",14100,,1986,,,,,,,,,,,,,,,,,,,786476.1986,,,,,,
,,,,,786394,,,,,,Pertusaria ophthalmiza,,,,"Trana, T.",14247,,1986,,,,,,on white birch,,,,,,,,,,,,,786394.1986,,,,,,
,,,,,786157,,,,,,Loxospora elatina,,,,"Trana, T.",14624,,1986,,,,,,on white birch,,,,,,,,,,,,,,,,,,,
,,,,,786020,,,,,,Pertusaria ophthalmiza,,,,"Trana, T.",14838,,1986,,,,,,on dead white birch,,,,,,,,,,,,,786020.1986,,,,,,
,,,,,785671,,,,,,Dimelaena oreina,,,,"Wetmore, C.",57536,,1986,,,,,,,,,,,,,,,,,,,785671.1986,,,,,,
,,,,,785664,,,,,,Rhizocarpon grande,,,,"Wetmore, C.",57562,,1986,,,,,,,,,,,,,,,,,,,785664.1986,,,,,,
,,,,,785627,,,,,,Dimelaena oreina,,,,"Wetmore, C.",57655,,1986,,,,,,,,,,,,,,,,,,,785627.1986,,,,,,
,,,,,785333,,,,,,Peltigera elisabethae,,,,"Wetmore, C.",57111,,1986,,,,,,,,,,,,,,,,,,,785333.1986,,good,,,,
,,,,,785317,,,,,,Peltigera elisabethae,,,,"Wetmore, C.",57142,,1986,,,,,,,,,,,,,,,,,,,785317.1986,,good,,,,
,,,,,785210,,,,,,Baeomyces rufus,,,,"Wetmore, C.",57293,,1986,,,,,,,,,,,,,,,,,,,785210.1986,,,,,,
,,,,,785024,,,,,,Umbilicaria muehlenbergii,,,,"Wetmore, C.",57561,,1986,,,,,,,,,,,,,,,,,,,785024.1986,,good,,,,
763872,MIN,Lichens,PreservedSpecimen,urn:uuid:37608a7f-26bb-4a79-8f7e-fbaa5ff17310,783588,Fungi,Ascomycota,Lecanoromycetes,Lecanorales,Parmeliaceae,Flavopunctelia praesignis,(Nyl.) Hale,Flavopunctelia,praesignis,"Wetmore, C.",54758,6/17/1986,1986,6,17,168,,17-Jun-86,on ponderosa pine,United States,Arizona,Pima,"Rincon Section, Devil'S Bathtub Spring; Saguaro National Monument",0,32.19694444,-110.5458333,"32°11'49""N, 110°32'45""W",6/2/2016 12:52,11,urn:uuid:381dced7-a23e-4881-ab87-81ba04f44e54,http://bellatlas.umn.edu/collections/individual/index.php?occid=696075,783588.1986,,good,"usnic, and lecanoric acids",Egan. R,On archive,
763570,MIN,Lichens,PreservedSpecimen,urn:uuid:03eec08f-293f-418d-97e0-fbbd63732c99,783551,Fungi,Ascomycota,Lecanoromycetes,Lecanorales,Parmeliaceae,Flavopunctelia praesignis,(Nyl.) Hale,Flavopunctelia,praesignis,"Wetmore, C.",54799,6/18/1986,1986,6,18,169,,18-Jun-86,on oak,United States,Arizona,Pima,"Rincon Section, W of Mica Meadow; Saguaro National Monument",0,32.21083333,-110.5458333,"32°12'39""N, 110°32'45""W",6/2/2016 12:52,11,urn:uuid:deb63e55-2995-49e4-9c29-5f3d388c0062,http://bellatlas.umn.edu/collections/individual/index.php?occid=696038,783551.1986,,good,"usnic, and lecanoric acids ",Egan. R,On archive,
763512,MIN,Lichens,PreservedSpecimen,urn:uuid:d9dc9e56-786e-4952-b9fa-956bc31f3201,782848,Fungi,Ascomycota,Lecanoromycetes,Lecanorales,Parmeliaceae,Flavopunctelia praesignis,(Nyl.) Hale,Flavopunctelia,praesignis,"Wetmore, C.",55613,7/6/1986,1986,7,6,187,,6-Jul-86,on silver leaf oak,United States,Arizona,Cochise,Upper Bonita Canyon; Chiricahua National Monument,0,32.0275,-109.3202778,"32°01'39""N, 109°19'13""W",6/2/2016 12:52,11,urn:uuid:fffff26f-00ad-495e-b6cd-a2b31207c345,http://bellatlas.umn.edu/collections/individual/index.php?occid=695335,782848.1986,,good,"usnic, and lecanoric acids ",Egan. R,On archive,
743030,MIN,Lichens,PreservedSpecimen,urn:uuid:53f68b3a-9410-4a73-98af-0a63be17ac02,782790,Fungi,Ascomycota,Lecanoromycetes,Lecanorales,Parmeliaceae,Flavopunctelia praesignis,(Nyl.) Hale,Flavopunctelia,praesignis,"Wetmore, C.",55679,7/6/1986,1986,7,6,187,,6-Jul-86,on silver leaf oak,United States,Arizona,Cochise,Across Canyon From Campground; Chiricahua National Monument,0,32.01361111,-109.3483333,"32°00'49""N, 109°20'54""W",6/2/2016 12:52,11,urn:uuid:b8c5f3e5-616a-4f48-95b6-2deb47c9a731,http://bellatlas.umn.edu/collections/individual/index.php?occid=695277,782790.1986,,good,"usnic, lecanoric, and 5-chlorocanoric acids",Egan. R,On archive,
,,,,,779989,,,,,,Chrysothrix candelaris,,,,"Wetmore, C.",17646,,1967,,,,,,on base of pine,,,,,,,,,,,,,779989.1967,,,,,,
,,,,,779893,,,,,,Trypethelium virens,,,,"Wetmore, C.",29895,,1977,,,,,,on beech,,,,,,,,,,,,,779893.1977,,,,,,
,,,,,777244,,,,,,Trypethelium virens,,,,"Wetmore, C.",46138,,1983,,,,,,on beech,,,,,,,,,,,,,777244.1983,,,,,,
,,,,,777088,,,,,,Trypethelium virens,,,,"Sullivan, T.",3923,,1984,,,,,,on beech,,,,,,,,,,,,,777088.1984,,,,,,
742842,MIN,Lichens,PreservedSpecimen,urn:uuid:09cbf22b-8716-4e6b-a7a6-2bfb0db14510,772366,Fungi,Ascomycota,Lecanoromycetes,Lecanorales,Parmeliaceae,Flavoparmelia haysomii,(C.W. Dodge) Hale,Flavoparmelia,haysomii,"Whinray, J.",680,10/10/1975,1975,10,10,283,,10-Oct-75,on quartzite outcrop,Australia,Tasmania,,Badger Island,0,,,,6/2/2016 12:52,11,urn:uuid:3b37ba12-cec6-4d2f-b418-e0b8685a2e6c,http://bellatlas.umn.edu/collections/individual/index.php?occid=691963,772366.1975,,BAD,,,,
742813,MIN,Lichens,PreservedSpecimen,urn:uuid:f0c7900b-912a-4250-b55a-07dcf49448e5,772360,Fungi,Ascomycota,Lecanoromycetes,Lecanorales,Parmeliaceae,Flavoparmelia caperata,(L.) Hale,Flavoparmelia,caperata,"Filson, R.",40217,11/2/1971,1971,11,2,306,,2-Nov-71,on melalevca armillaris,Australia,Tasmania,,Curtis Island,0,,,,6/2/2016 12:52,11,urn:uuid:30bd039b-844c-4243-be54-44a7ac134cdc,http://bellatlas.umn.edu/collections/individual/index.php?occid=691957,772360.1971,,good,"caperatic acid, protocetraric acid in G.B., protocetraric acid in G.A.o-t, yellow pigment in lower medulla K+ purple",Filson. R,On archive,
,,,,,772093,,,,,,Chrysothrix candelaris,,,,"Wetmore, C.",48371,,1983,,,,,,on balsam fir log,,,,,,,,,,,,,772093.1983,,,,,,
,,,,,761846,,,,,,Candelaria concolor,,,,"Schuster, J.",492,,1983,,,,,,on dead quaking aspen,,,,,,,,,,,,,761846.1983,,good,,,,
,,,,,761591,,,,,,Candelaria concolor,,,,"Schuster, J.",825,,1983,,,,,,on trunk of quaking aspen,,,,,,,,,,,,,761591.1983,,good,,,,
740949,MIN,Lichens,PreservedSpecimen,urn:uuid:edf6922a-8464-400a-9984-33c14de98954,761459,Fungi,Ascomycota,Lecanoromycetes,Lecanorales,Parmeliaceae,Flavoparmelia caperata,(L.) Hale,Flavoparmelia,caperata,"Schuster, J.",965,7/7/1983,1983,7,7,188,,7-Jul-83,on paper birch,United States,Minnesota,Pine,"Pickerel Lake Campground, Nw of; Nemadji State Forest",0,,,,6/2/2016 12:52,11,urn:uuid:18e070b1-5c9e-434b-9b62-c3b881e4a1f8,http://bellatlas.umn.edu/collections/individual/index.php?occid=686637,761459.1983,,good,,,,
740898,MIN,Lichens,PreservedSpecimen,urn:uuid:a8b24c82-e75d-4957-8f78-3e711025642b,760177,Fungi,Ascomycota,Lecanoromycetes,Lecanorales,Parmeliaceae,Flavoparmelia euplecta,(Stirt.) Hale,Flavoparmelia,euplecta,"Nash, T.",20348,8/12/1981,1981,8,12,224,,12-Aug-81,on acidic rock,Australia,South Australia,,"Springton, 9 km E of",0,,,,6/2/2016 12:52,11,urn:uuid:8f5c529c-c796-4844-8e87-5d810b50e335,http://bellatlas.umn.edu/collections/individual/index.php?occid=685722,760177.1981,,good,,,,
731499,MIN,Lichens,PreservedSpecimen,urn:uuid:b2c407b0-d68e-4393-8bc1-de53a87ff78d,760175,Fungi,Ascomycota,Lecanoromycetes,Lecanorales,Parmeliaceae,Flavoparmelia haysomii,(C.W. Dodge) Hale,Flavoparmelia,haysomii,"Nash, T.",19854,8/12/1981,1981,8,12,224,,12-Aug-81,on sandstone,Australia,South Australia,,"Springton, 7 km W of",0,,,,6/2/2016 12:52,11,urn:uuid:d9ba1c2d-82ea-43d6-8122-f72b80d8832f,http://bellatlas.umn.edu/collections/individual/index.php?occid=685720,760175.1981,,good,,,,
,,,,,757307,,,,,,Trypethelium virens,,,,"Johnson, G.",1013,,1953,,,,,,,,,,,,,,,,,,,757307.1953,"High reflectance, different, maybe substrate ",,,,,
,,,,,757306,,,,,,Trypethelium virens,,,,"Johnson, G.",1175,,1953,,,,,,on holly,,,,,,,,,,,,,757306.1953,,,,,,
,,,,,757285,,,,,,Trypethelium virens,,,,"Johnson, G.",6260,,1965,,,,,,,,,,,,,,,,,,,757285.1965,,,,,,
,,,,,757172,,,,,,Trypethelium virens,,,,"Johnson, G.",6997,,1978,,,,,,,,,,,,,,,,,,,757172.1978,Possible low thallus reflectance due to substrate,,,,,
,,,,,744089,,,,,,Chrysothrix candelaris,,,,"Sipe, F.",s.n.,,1938,,,,,,on trees,,,,,,,,,,,,,744089.1938,,,,,,
,,,,,732935,,,,,,Baeomyces rufus,,,,"Wetmore, C.",22793,,1974,,,,,,,,,,,,,,,,,,,,,,,,,
,,,,,732891,,,,,,Pertusaria ophthalmiza,,,,"Wetmore, C.",27156,,1977,,,,,,on white birch,,,,,,,,,,,,,732891.1977,,,,,,
,,,,,732870,,,,,,Ephebe ocellata,,,,"Wetmore, C.",28144,,1977,,,,,,on sunny trickle area,,,,,,,,,,,,,732870.1977,,good,,,,
713742,MIN,Lichens,PreservedSpecimen,urn:uuid:1a587889-3c94-439c-a4c0-13d306ae7828,732323,Fungi,Ascomycota,Lecanoromycetes,Lecanorales,Parmeliaceae,Flavoparmelia caperata,(L.) Hale,Flavoparmelia,caperata,"Harris, S.",2367,6/26/1935,1935,6,26,177,,26-Jun-35,,United States,Minnesota,Anoka,Between Bethel And Fish Lake,0,,,,6/2/2016 12:52,11,urn:uuid:2213d218-a6dd-4293-bc35-266dda193889,http://bellatlas.umn.edu/collections/individual/index.php?occid=676083,732323.1935,low sample selection,not great,,,,
,,,,,732301,,,,,,Verrucaria fuscella,,,,"Brako, L.",794,,1979,,,,,,,,,,,,,,,,,,,732301.1979,,,,,,
,,,,,732277,,,,,,Verrucaria fuscella,,,,"Brako, L.",1582,,1979,,,,,,,,,,,,,,,,,,,732277.1979,,,,,,
,,,,,732264,,,,,,Verrucaria fuscella,,,,"Brako, L.",1857,,1979,,,,,,,,,,,,,,,,,,,732264.1979,,,,,,
,,,,,732093,,,,,,Strigula submuriformis,,,,"Trana, T.",10124,,1980,,,,,,on bur oak,,,,,,,,,,,,,732093.1980,,,,,,
,,,,,723608,,,,,,Ionaspis lacustris,,,,"Wetmore, C.",21862,,1973,,,,,,,,,,,,,,,,,,,723608.1973,,,,,,
,,,,,723428,,,,,,Loxospora elatina,,,,"Wetmore, C.",27175,,1977,,,,,,on jack pine,,,,,,,,,,,,,723428.1977,,,,,,
,,,,,722969,,,,,,Ionaspis lacustris,,,,"Wetmore, C.",38348,,1979,,,,,,,,,,,,,,,,,,,722969.1979,,,,,,
,,,,,722968,,,,,,Ionaspis lacustris,,,,"Wetmore, C.",38351,,1979,,,,,,,,,,,,,,,,,,,722968.1979,,,,,,
,,,,,721925,,,,,,Ephebe ocellata,,,,"Wetmore, C.",41103,,1980,,,,,,,,,,,,,,,,,,,721925.1980,,good,,,,
,,,,,721720,,,,,,Loxospora elatina,,,,"Wetmore, C.",41756,,1980,,,,,,on thuja,,,,,,,,,,,,,721720.1980,,,,,,
,,,,,721667,,,,,,Lecidea tessellata,,,,,,,1980,,,,,,,,,,,,,,,,,,,721667.1980,,,,,,
,,,,,721662,,,,,,Dimelaena oreina,,,,"Wetmore, C.",41942,,1980,,,,,,,,,,,,,,,,,,,721662.1980,,,,,,
,,,,,721661,,,,,,Lecidea tessellata,,,,"Wetmore, C.",41943,,1980,,,,,,,,,,,,,,,,,,,721661.1980,,,,,,
,,,,,721660,,,,,,Caloplaca flavovirescens,,,,"Wetmore, C.",41945,,1980,,,,,,,,,,,,,,,,,,,721660.1980,,,,,,
,,,,,721604,,,,,,Acarospora americana,,,,"Wetmore, C.",42160,,1980,,,,,,,,,,,,,,,,,,,721604.1980,,good,,,,
696075,MIN,Lichens,PreservedSpecimen,urn:uuid:381dced7-a23e-4881-ab87-81ba04f44e54,720619,Fungi,Ascomycota,Lecanoromycetes,Lecanorales,Parmeliaceae,Flavoparmelia caperata,(L.) Hale,Flavoparmelia,caperata,"Wetmore, C.",41718,8/5/1980,1980,8,5,218,,5-Aug-80,on bur oak,United States,Minnesota,Kittson,"Lake Bronson, 3 Mi Se",0,48.70888889,-96.60666667,"48°42'32""N, 96°36'24""W",6/2/2016 12:52,11,urn:uuid:86b96099-3c65-4e87-aa59-86c926387e8d,http://bellatlas.umn.edu/collections/individual/index.php?occid=673803,720619.1980,,good,,,,
,,,,,720568,,,,,,Umbilicaria muehlenbergii,,,,"Wetmore, C.",41815,,1980,,,,,,,,,,,,,,,,,,,720568.1980,,good,,,,
696038,MIN,Lichens,PreservedSpecimen,urn:uuid:deb63e55-2995-49e4-9c29-5f3d388c0062,719998,,,,,,Xanthoparmelia darrowii,,Parmelia,darrowii,"Nash, T.",15735,6/30/1979,1979,6,30,181,,30-Jun-79,on quercus hypoleucoides,United States,Arizona,Cochise,"Chiricahua Mountains, Pole Bridge Canyon",0,,,,6/2/2016 12:48,11,urn:uuid:90779bf7-eb15-49c9-ae30-7f0c78e143e7,http://bellatlas.umn.edu/collections/individual/index.php?occid=673427,719998.1979,,good,"usnic, lecanoric, and 5-chlorolecanoric acids ",Egan. R,On archive,
,,,,,718657,,,,,,Pertusaria ophthalmiza,,,,"Wetmore, C.",40096,,1979,,,,,,on white pine,,,,,,,,,,,,,718657.1979,,,,,,
,,,,,718647,,,,,,Pertusaria ophthalmiza,,,,"Wetmore, C.",40172,,1979,,,,,,on balsam fir,,,,,,,,,,,,,718647.1979,,,,,,
,,,,,718602,,,,,,Pertusaria ophthalmiza,,,,"Wetmore, C.",40387,,1979,,,,,,on dead red maple,,,,,,,,,,,,,718602.1979,,,,,,
,,,,,718575,,,,,,Ionaspis lacustris,,,,"Brodo, I.",7133,,1965,,,,,,on rocks,,,,,,,,,,,,,718575.1965,,,,,,
,,,,,715028,,,,,,Loxospora elatina,,,,"Wetmore, C.",32464,,1978,,,,,,on thuja,,,,,,,,,,,,,715028.1978,,,,,,
,,,,,714872,,,,,,Dimelaena oreina,,,,"Wetmore, C.",35396,,1978,,,,,,,,,,,,,,,,,,,714872.1978,,,,,,
,,,,,714659,,,,,,Loxospora elatina,,,,"Wetmore, C.",39697,,1979,,,,,,on thuja,,,,,,,,,,,,,714659.1979,,,,,,
,,,,,710560,,,,,,Caloplaca flavovirescens,,,,"Brako, L.",1593,,1979,,,,,,on rock,,,,,,,,,,,,,710560.1979,,,,,,
,,,,,710491,,,,,,Caloplaca flavovirescens,,,,"Brako, L.",1683,,1979,,,,,,on rock of west facing slope,,,,,,,,,,,,,710491.1979,,,,,,
,,,,,707765,,,,,,Rhizocarpon grande,,,,"Wetmore, C.",32150A,,1978,,,,,,,,,,,,,,,,,,,707765.1978,,,,,,
,,,,,707588,,,,,,Acarospora americana,,,,"Wetmore, C.",34130,,1978,,,,,,,,,,,,,,,,,,,707588.1978,,good,,,,
,,,,,707202,,,,,,Rhizocarpon grande,,,,"Wetmore, C.",38102,,1979,,,,,,,,,,,,,,,,,,,707202.1979,,,,,,
,,,,,707160,,,,,,Ephebe ocellata,,,,"Wetmore, C.",38436,,1979,,,,,,,,,,,,,,,,,,,707160.1979,,great,,,,
,,,,,706600,,,,,,Candelaria concolor,,,,"Wetmore, C.",37364,,1979,,,,,,on quaking aspen,,,,,,,,,,,,,706600.1979,,good,,,,
,,,,,706424,,,,,,Peltigera elisabethae,,,,"Wetmore, C.",37643,,1979,,,,,,,,,,,,,,,,,,,706424.1979,,good,,,,
,,,,,705182,,,,,,Peltigera elisabethae,,,,"Wetmore, C.",39669,,1979,,,,,,,,,,,,,,,,,,,705182.1979,,good,,,,
,,,,,704718,,,,,,Peltigera elisabethae,,,,"Wetmore, C.",40429,,1979,,,,,,,,,,,,,,,,,,,704718.1979,,good,,,,
,,,,,692876,,,,,,Umbilicaria muehlenbergii,,,,"Wetmore, C.",31164,,1978,,,,,,,,,,,,,,,,,,,692876.1978,,good,,,,
,,,,,691863,,,,,,Graphis scripta,,,,"Hale, M.",22815,,1963,,,,,,on spruce,,,,,,,,,,,,,691863.1963,,,,,,
645987,MIN,Lichens,PreservedSpecimen,urn:uuid:606c92e8-1e81-4583-9a6b-c867337a4a97,691844,Fungi,Ascomycota,Lecanoromycetes,Lecanorales,Parmeliaceae,Flavoparmelia caperata,(L.) Hale,Flavoparmelia,caperata,"Hale, M.",22290,1963-07-00,1963,7,0,,,00/Jul/1963,,United States,Minnesota,Clearwater,North Boundary Road; Itasca State Park,0,,,,6/2/2016 12:52,11,urn:uuid:b4148dd6-fb6d-4ad1-9365-1a08da4d010a,http://bellatlas.umn.edu/collections/individual/index.php?occid=660818,691844.1963,,good,,,,
645310,MIN,Lichens,PreservedSpecimen,urn:uuid:e8e3fbb3-af68-42a2-b42a-e280189a2933,691785,Fungi,Ascomycota,Lecanoromycetes,Lecanorales,Parmeliaceae,Flavoparmelia caperata,(L.) Hale,Flavoparmelia,caperata,"Hale, M.",22554,1963-07-00,1963,7,0,,,00/Jul/1963,on exposed birch trees,United States,Minnesota,Clearwater,Biological Station; Itasca State Park,0,,,,6/2/2016 12:52,11,urn:uuid:0324c3b8-b14a-420d-9fc0-3ff7108a049a,http://bellatlas.umn.edu/collections/individual/index.php?occid=660759,691785.1963,,good,,,,
,,,,,691746,,,,,,Graphis scripta,,,,"Tucker, S.",s.n.,,1955,,,,,,on dead balsam,,,,,,,,,,,,,691863.1963,,,,,,
644260,MIN,Lichens,PreservedSpecimen,urn:uuid:e13be6d3-7a9a-4ca5-9e60-c30eb9528667,691735,Fungi,Ascomycota,Lecanoromycetes,Lecanorales,Parmeliaceae,Flavoparmelia caperata,(L.) Hale,Flavoparmelia,caperata,"Tucker, S.",s.n.,6/17/1955,1955,6,17,168,,17-Jun-55,,United States,Minnesota,Clearwater,Biological Station; Itasca State Park,0,,,,6/2/2016 12:52,11,urn:uuid:20731112-42bc-42e8-beae-a51ab9733728,http://bellatlas.umn.edu/collections/individual/index.php?occid=660710,691735.1955,,good,,,,
,,,,,688372,,,,,,Lecidea tessellata,,,,"Wetmore, C.",20774,,1972,,,,,,,,,,,,,,,,,,,688372.1972,,,,,,
,,,,,688129,,,,,,Graphis scripta,,,,"Wetmore, C.",25893,,1976,,,,,,on sugar maple,,,,,,,,,,,,,688129.1976,,,,,,
,,,,,682900,,,,,,Chrysothrix candelaris,,,,"Wetmore, C.",14372,,1966,,,,,,on douglasfir,,,,,,,,,,,,,682900.1966,,,,,,
,,,,,682824,,,,,,Umbilicaria muehlenbergii,,,,"Wetmore, C.",26773,,1977,,,,,,,,,,,,,,,,,,,682824.1977,,good,,,,
,,,,,677095,,,,,,Verrucaria fuscella,,,,"Weber, W.",58023,,1973,,,,,,,,,,,,,,,,,,,677095.1973,,,,,,
,,,,,675817,,,,,,Baeomyces rufus,,,,"Wetmore, C.",26354,,1976,,,,,,,,,,,,,,,,,,,675817.1976,,,,,,
,,,,,675773,,,,,,Acarospora americana,,,,"Wetmore, C.",26247,,1976,,,,,,,,,,,,,,,,,,,675773.1976,,,,,,
,,,,,674007,,,,,,Candelaria concolor,,,,"Wetmore, C.",24025,,1974,,,,,,on oak,,,,,,,,,,,,,674007.1974,,good,,,,
,,,,,673901,,,,,,Strigula submuriformis,,,,"Wetmore, C.",24161,,1975,,,,,,on oak,,,,,,,,,,,,,673901.1975,,,,,,
,,,,,673814,,,,,,Strigula submuriformis,,,,"Wetmore, C.",22093,,1974,,,,,,on basswood,,,,,,,,,,,,,673814.1974,,,,,,
,,,,,664020,,,,,,Verrucaria fuscella,,,,"Degelius, G.",s.n.,,1943,,,,,,,,,,,,,,,,,,,664020.1943,,,,,,
770134,MIN,Lichens,PreservedSpecimen,urn:uuid:d1294a91-81e4-452e-8980-df5b4e4d671e,659114,Fungi,Ascomycota,Lecanoromycetes,Lecanorales,Parmeliaceae,Flavopunctelia darrowii,(J.W. Thomson) Hale,Flavopunctelia,darrowii,"Darrow, R.",4093,3/30/1947,1947,3,30,89,,30-Mar-47,on acer grandidentatum trunk,United States,Arizona,Pima,"Santa Catalina Mountains, Mt. Lemmon",0,,,,6/2/2016 12:52,11,urn:uuid:606c92e8-1e81-4583-9a6b-c867337a4a97,http://bellatlas.umn.edu/collections/individual/index.php?occid=645987,659114.1947,,good,usnic (minor) and lecanoric acid (major),Egan. R,On archive,
769856,MIN,Lichens,PreservedSpecimen,urn:uuid:98e46500-7488-4c43-a6bf-36d8cdc4f09e,656634,,,,,,Xanthoparmelia darrowii,,Parmelia,darrowii,"Nash, T.",8551,4/7/1974,1974,4,7,97,,7-Apr-74,on prunus,United States,Arizona,Santa Cruz,"Santa Rita Mountains, Madera Canyon",0,31.71666667,-110.8666667,"31°43'N, 110°52'W",6/2/2016 12:48,11,urn:uuid:e8e3fbb3-af68-42a2-b42a-e280189a2933,http://bellatlas.umn.edu/collections/individual/index.php?occid=645310,656634.1974,,good,"usnic, lecanoric, and 5-chlorolecanoric acids ",Egan. R,On archive,
,,,,,654463,,,,,,Acarospora americana,,,,"Wetmore, C.",23593,,1974,,,,,,,,,,,,,,,,,,,65463.1974,,good,,,,
,,,,,654408,,,,,,Peltigera elisabethae,,,,"Wetmore, C.",22769,,1974,,,,,,,,,,,,,,,,,,,654408.1974,,good,,,,
765966,MIN,Lichens,PreservedSpecimen,urn:uuid:318445ff-1540-4b60-8a02-705ebfcc7c71,654245,Fungi,Ascomycota,Lecanoromycetes,Lecanorales,Parmeliaceae,Flavoparmelia baltimorensis,(Gyeln. & Fóriss) Hale,Flavoparmelia,baltimorensis,"Wetmore, C.",23181,8/3/1974,1974,8,3,215,,3-Aug-74,on oak,United States,Minnesota,Becker,Big Basswood Lake; White Earth State Forest,0,47.07666667,-95.35,"47°04'36""N, 95°21'00""W",6/2/2016 12:52,11,urn:uuid:e13be6d3-7a9a-4ca5-9e60-c30eb9528667,http://bellatlas.umn.edu/collections/individual/index.php?occid=644260,654245.1974,,good,,,,
761697,MIN,Lichens,PreservedSpecimen,urn:uuid:9fd9265a-1798-4060-88ec-4987af3e5ab0,653732,Fungi,Ascomycota,Lecanoromycetes,Lecanorales,Parmeliaceae,Flavoparmelia caperata,(L.) Hale,Flavoparmelia,caperata,"Wetmore, C.",21846,8/24/1973,1973,8,24,236,,24-Aug-73,on rock,United States,Minnesota,Saint Louis,"Fenske Lake, 4 Mi N; Superior National Forest",0,48.05277778,-91.92527778,"48°03'10""N, 91°55'31""W",6/2/2016 12:52,11,urn:uuid:183e8874-013c-4912-9a68-c00e29eb317d,http://bellatlas.umn.edu/collections/individual/index.php?occid=643853,653732.1973,,good,,,,
,,,,,653582,,,,,,Strigula submuriformis,,,,"Wetmore, C.",s.n.,,1967,,,,,,,,,,,,,,,,,,,653582.1967,,,,,,
,,,,,653339,,,,,,Peltigera elisabethae,,,,"Wetmore, C.",21701,,1973,,,,,,,,,,,,,,,,,,,653339.1973,,good,,,,
760529,MIN,Lichens,PreservedSpecimen,urn:uuid:5ab0eb15-5393-4ea4-8171-9ae7b5fff03e,653242,Fungi,Ascomycota,Lecanoromycetes,Lecanorales,Parmeliaceae,Flavoparmelia caperata,(L.) Hale,Flavoparmelia,caperata,"Wetmore, C.",20584,8/3/1972,1972,8,3,216,,3-Aug-72,on spruce,United States,Minnesota,Koochiching,Between Margi & Big Falls,0,,,,6/2/2016 12:52,11,urn:uuid:39f418ce-273a-4ab1-a1b7-766ac25cf230,http://bellatlas.umn.edu/collections/individual/index.php?occid=643387,653242.1972,on curved bark,BAD,,,,
760528,MIN,Lichens,PreservedSpecimen,urn:uuid:53e6bb66-8c0f-4e00-baa2-ebad5071d196,653152,Fungi,Ascomycota,Lecanoromycetes,Lecanorales,Parmeliaceae,Flavoparmelia caperata,(L.) Hale,Flavoparmelia,caperata,"Wetmore, C.",19883,6/6/1971,1971,6,6,157,,6-Jun-71,on bur oak,United States,Minnesota,Washington,S of Afton Near Ski Area,0,,,,6/2/2016 12:52,11,urn:uuid:4adbfb89-2d87-47a7-8025-de586eecf5c4,http://bellatlas.umn.edu/collections/individual/index.php?occid=643297,653152.1971,all samples on bark,good,,,,
758064,MIN,Lichens,PreservedSpecimen,urn:uuid:440ad26e-c5ce-45ef-87c7-fafec0de1fed,653128,Fungi,Ascomycota,Lecanoromycetes,Lecanorales,Parmeliaceae,Flavoparmelia baltimorensis,(Gyeln. & Fóriss) Hale,Flavoparmelia,baltimorensis,"Wetmore, C.",19822,5/16/1971,1971,5,16,136,,16-May-71,on fallen oak branch,United States,Minnesota,Washington,S of Afton Near Saint Croix River; Saint Croix National Scenic Riverway,0,,,,6/2/2016 12:52,11,urn:uuid:1dcc86b1-2dd3-4690-9d7a-0337267ce3c1,http://bellatlas.umn.edu/collections/individual/index.php?occid=643273,653128.1971,,good,,,,
747557,MIN,Lichens,PreservedSpecimen,urn:uuid:ab99e9c0-a297-472d-b15f-6767f98fc0bb,653089,Fungi,Ascomycota,Lecanoromycetes,Lecanorales,Parmeliaceae,Flavoparmelia caperata,(L.) Hale,Flavoparmelia,caperata,"Wetmore, C.",18575,7/21/1969,1969,7,21,202,,21-Jul-69,,United States,Minnesota,Cook,"Wampus Lake, 25 Mi N Grand Marais; Superior National Forest",0,48.05611111,-90.40833333,"48°03'22""N, 90°24'30""W",6/2/2016 12:52,11,urn:uuid:329e5018-291b-4b40-acd5-a695fa65f2e3,http://bellatlas.umn.edu/collections/individual/index.php?occid=643235,653089.1969,,good,,,,
,,,,,634613,,,,,,Candelaria concolor,,,,"Knutson, R.",s.n.,,1962,,,,,,on elm,,,,,,,,,,,,,634613.1962,,good,,,,
,,,,,634251,,,,,,Candelaria concolor,,,,"Wetmore, C.",19752,,1970,,,,,,on quaking aspen,,,,,,,,,,,,,634251.1970,,good,,,,
,,,,,634027,,,,,,Caloplaca flavovirescens,,,,"Wetmore, C.",18592,,1969,,,,,,,,,,,,,,,,,,,634027.1969,,,,,,
,,,,,632026,,,,,,Umbilicaria muehlenbergii,,,,"Wetmore, C.",18585,,1969,,,,,,,,,,,,,,,,,,,632026.1969,,good,,,,
,,,,,629547,,,,,,Verrucaria fuscella,,,,"Wetmore, C.",11746,,1961,,,,,,,,,,,,,,,,,,,629547.1961,,,,,,
,,,,,625167,,,,,,Chrysothrix candelaris,,,,"Wetmore, C.",1442,,1958,,,,,,,,,,,,,,,,,,,625167.1958,,,,,,
,,,,,624348,,,,,,Baeomyces rufus,,,,"Wetmore, C.",13454,,1965,,,,,,,,,,,,,,,,,,,,,,,,,
,,,,,582073,,,,,,Trypethelium virens,,,,"Dutton, D.",2128,,1924,,,,,,on beech,,,,,,,,,,,,,582073.1924,,,,,,
,,,,,494709,,,,,,Ionaspis lacustris,,,,"Marr, J.",550,,1939,,,,,,,,,,,,,,,,,,,494709.1939,,,,,,
,,,,,494490,,,,,,Umbilicaria muehlenbergii,,,,"Thomson, J.",4046,,1951,,,,,,,,,,,,,,,,,,,494490.1951,,good,,,,
,,,,,437774,,,,,,Umbilicaria muehlenbergii,,,,"Thomson, J.",2694,,1948,,,,,,on large glacial boulder,,,,,,,,,,,,,437774.1948,,good,,,,
676083,MIN,Lichens,PreservedSpecimen,urn:uuid:2213d218-a6dd-4293-bc35-266dda193889,434360,Fungi,Ascomycota,Lecanoromycetes,Lecanorales,Parmeliaceae,Flavoparmelia caperata,(L.) Hale,Flavoparmelia,caperata,"Cotter, S.",1509,10/7/1950,1950,10,7,280,,7-Oct-50,on tamarack,United States,Minnesota,Anoka,Cedar Creek Bog; Cedar Creek Ecosystem Science Reserve,0,,,,6/2/2016 12:52,11,urn:uuid:c6db391c-8938-4aa8-92b1-340d265606ef,http://bellatlas.umn.edu/collections/individual/index.php?occid=632827,434360.1950,,good,,,,
643853,MIN,Lichens,PreservedSpecimen,urn:uuid:183e8874-013c-4912-9a68-c00e29eb317d,434359,Fungi,Ascomycota,Lecanoromycetes,Lecanorales,Parmeliaceae,Flavoparmelia caperata,(L.) Hale,Flavoparmelia,caperata,"Cotter, S.",184,5/30/1948,1948,5,30,151,,30-May-48,,United States,Minnesota,Cook,"Tomteboda, Grand Marais",0,,,,6/2/2016 12:52,11,urn:uuid:507eeedd-c912-408c-96d9-19c7fb4cbe4f,http://bellatlas.umn.edu/collections/individual/index.php?occid=632826,434359.1948,low sample selection,not great,,,,
,,,,,24851,,,,,,Dimelaena oreina,,,,"Fink, B.",201,,1899,,,,,,,,,,,,,,,,,,,24851.1899,,,,,,
,,,,,24850,,,,,,Dimelaena oreina,,,,"Fink, B.",367,,1899,,,,,,,,,,,,,,,,,,,24850.1899,,,,,,
,,,,,24849,,,,,,Dimelaena oreina,,,,"Fink, B.",s.n.,,1901,,,,,,,,,,,,,,,,,,,24849.1901,,,,,,
,,,,,24671,,,,,,Rhizocarpon grande,,,,"Fink, B.",989,,1897,,,,,,on rocks,,,,,,,,,,,,,,,,,,,
,,,,,24668,,,,,,Rhizocarpon grande,,,,"Fink, B.",5,,1897,,,,,,on rocks,,,,,,,,,,,,,,,,,,,
,,,,,24638,,,,,,Rhizocarpon grande,,,,"Fink, B.",915,,1901,,,,,,on rocks,,,,,,,,,,,,,,,,,,,
,,,,,24297,,,,,,Candelaria concolor,,,,"Fink, B.",1474,,1901,,,,,,on trees,,,,,,,,,,,,,24297.1901,,good,,,,
,,,,,23898,,,,,,Caloplaca flavovirescens,,,,"Fink, B.",1843,,1901,,,,,,on rocks,,,,,,,,,,,,,23898.1901,,,,,,
,,,,,23897,,,,,,Caloplaca flavovirescens,,,,"Fink, B.",1232,,1901,,,,,,on rocks,,,,,,,,,,,,,23897.1901,,,,,,
,,,,,23895,,,,,,Caloplaca flavovirescens,,,,"Fink, B.",643,,1900,,,,,,on granitics,,,,,,,,,,,,,23895.1900,,,,,,
,,,,,23889,,,,,,Caloplaca flavovirescens,,,,"Fink, B.",298,,1897,,,,,,on rocks,,,,,,,,,,,,,23889.1897,,,,,,
643387,MIN,Lichens,PreservedSpecimen,urn:uuid:39f418ce-273a-4ab1-a1b7-766ac25cf230,22665,Fungi,Ascomycota,Lecanoromycetes,Lecanorales,Parmeliaceae,Flavoparmelia caperata,(L.) Hale,Flavoparmelia,caperata,"Fink, B.",77,1896-07-03,1896,7,3,185,,03/Jul/1896,,United States,Minnesota,Hennepin,Neapolis,0,,,,6/2/2016 12:52,11,urn:uuid:9ef13f94-d1ed-4d62-9d89-4ce287876d7e,http://bellatlas.umn.edu/collections/individual/index.php?occid=630090,22665.1896,"small, dirt amongst samples",good,,,,
643297,MIN,Lichens,PreservedSpecimen,urn:uuid:4adbfb89-2d87-47a7-8025-de586eecf5c4,22603,Fungi,Ascomycota,Lecanoromycetes,Lecanorales,Parmeliaceae,Flavoparmelia caperata,(L.) Hale,Flavoparmelia,caperata,"Fink, B.",1059,7/31/1901,1901,7,31,212,,31-Jul-01,on rocks,United States,Minnesota,Koochiching,Koochiching,0,,,,6/2/2016 12:52,11,urn:uuid:9485dbb4-d7a3-45a9-b62a-9487bde71bef,http://bellatlas.umn.edu/collections/individual/index.php?occid=630037,22603.1901,,good,,,,
632827,MIN,Lichens,PreservedSpecimen,urn:uuid:c6db391c-8938-4aa8-92b1-340d265606ef,22599,Fungi,Ascomycota,Lecanoromycetes,Lecanorales,Parmeliaceae,Flavoparmelia caperata,(L.) Hale,Flavoparmelia,caperata,"Fink, B.",769,7/20/1901,1901,7,20,201,,20-Jul-01,"on rocks, canada",Canada,Ontario,Rainy River,Emo,0,,,,6/2/2016 12:52,11,urn:uuid:9dc9e54d-b030-40b7-8ff2-9967b9b5c670,http://bellatlas.umn.edu/collections/individual/index.php?occid=630033,22599.1901,,good,,,,
632826,MIN,Lichens,PreservedSpecimen,urn:uuid:507eeedd-c912-408c-96d9-19c7fb4cbe4f,22598,Fungi,Ascomycota,Lecanoromycetes,Lecanorales,Parmeliaceae,Flavoparmelia caperata,(L.) Hale,Flavoparmelia,caperata,"Fink, B.",524,7/11/1901,1901,7,11,192,,11-Jul-01,on trees,United States,Minnesota,Lake of the Woods,Oak Island,0,,,,6/2/2016 12:52,11,urn:uuid:89b712f4-d405-4e5e-9d8b-53b52e3ea6a8,http://bellatlas.umn.edu/collections/individual/index.php?occid=630032,22598.1901,,good,,,,
630090,MIN,Lichens,PreservedSpecimen,urn:uuid:9ef13f94-d1ed-4d62-9d89-4ce287876d7e,22597,Fungi,Ascomycota,Lecanoromycetes,Lecanorales,Parmeliaceae,Flavoparmelia caperata,(L.) Hale,Flavoparmelia,caperata,"Fink, B.",1510,8/16/1901,1901,8,16,228,,16-Aug-01,on cedars,United States,Minnesota,Saint Louis,Harding,0,,,,6/2/2016 12:52,11,urn:uuid:9861466a-71df-4b7f-99af-d0902028bb4a,http://bellatlas.umn.edu/collections/individual/index.php?occid=630031,22597.1901,,good,,,,
630032,MIN,Lichens,PreservedSpecimen,urn:uuid:89b712f4-d405-4e5e-9d8b-53b52e3ea6a8,22571,Fungi,Ascomycota,Lecanoromycetes,Lecanorales,Parmeliaceae,Flavoparmelia caperata,(L.) Hale,Flavoparmelia,caperata,"Fink, B.",254,1897-06-30,1897,6,30,181,,30/Jun/1897,on earth,United States,Minnesota,Cook,Gunflint Trail; Superior National Forest,0,,,,6/2/2016 12:52,11,urn:uuid:2eeb9bc3-5b8d-4a00-a0b7-4c8a99a4c621,http://bellatlas.umn.edu/collections/individual/index.php?occid=630008,22571.1897,,good,,,,
630037,MIN,Lichens,PreservedSpecimen,urn:uuid:9485dbb4-d7a3-45a9-b62a-9487bde71bef,22571,Fungi,Ascomycota,Lecanoromycetes,Lecanorales,Parmeliaceae,Flavoparmelia baltimorensis,(Gyeln. & Fóriss) Hale,Flavoparmelia,baltimorensis,"Frost, W.",115,1892-06-00,1892,6,0,,,00/Jun/1892,,United States,Minnesota,Meeker,Litchfield,0,,,,6/2/2016 12:52,11,urn:uuid:9344f7c4-d034-4ee9-aa85-5057dece5338,http://bellatlas.umn.edu/collections/individual/index.php?occid=630015,22579.1892,,good,,,,
,,,,,21569,,,,,,Ionaspis lacustris,,,,"Willey, H.",113,,,,,,,,,,,,,,,,,,,,,21569.0000,no date listed on the archive,,,,,
,,,,,21568,,,,,,Ionaspis lacustris,,,,"Fink, B.",1528,,1901,,,,,,on rocks by water,,,,,,,,,,,,,21568.1901,,,,,,
,,,,,21567,,,,,,Ionaspis lacustris,,,,"Fink, B.",1518,,1901,,,,,,on rocks by water,,,,,,,,,,,,,21567.1901,,,,,,
,,,,,21483,,,,,,Acarospora americana,,,,"Fink, B.",80,,1900,,,,,,on exposed granitic rocks,,,,,,,,,,,,,21483.1900,,good,,,,
,,,,,21435,,,,,,Loxospora elatina,,,,"Fink, B.",638,,1897,,,,,,on trees,,,,,,,,,,,,,21435.1897,,,,,,
,,,,,21286,,,,,,Acarospora americana,,,,"Fink, B.",251,,1900,,,,,,on rocks,,,,,,,,,,,,,21286.1900,,good,,,,
,,,,,21125,,,,,,Pertusaria ophthalmiza,,,,"Fink, B.",726,,1900,,,,,,on birch,,,,,,,,,,,,,21125.1900,,,,,,
,,,,,21002,,,,,,Pertusaria ophthalmiza,,,,"Fink, B.",410,,1897,,,,,,on trees,,,,,,,,,,,,,21002.1897,,,,,,
,,,,,20886,,,,,,Umbilicaria muehlenbergii,,,,"Fink, B.",767,,1901,,,,,,"on rocks, canada, det llano",,,,,,,,,,,,,20886.1901,,good,,,,
,,,,,20872,,,,,,Umbilicaria muehlenbergii,,,,"Fink, B.",537,,1897,,,,,,"on rocks, det llano",,,,,,,,,,,,,20872.1897,,good,,,,
,,,,,18895,,,,,,Baeomyces rufus,,,,"Fink, B.",1186,,1901,,,,,,on rocks,,,,,,,,,,,,,,,,,,,
,,,,,18894,,,,,,Baeomyces rufus,,,,"Fink, B.",817,,1901,,,,,,on rocks,,,,,,,,,,,,,,,,,,,
,,,,,18891,,,,,,Baeomyces rufus,,,,"Fink, B.",109,,1897,,,,,,on rocks,,,,,,,,,,,,,,,,,,,
,,,,,18698,,,,,,Lecidea tessellata,,,,"Fink, B.",652,,1897,,,,,,on rocks,,,,,,,,,,,,,,,,,,,
,,,,,18696,,,,,,Lecidea tessellata,,,,"Fink, B.",182,,1897,,,,,,on rocks,,,,,,,,,,,,,,,,,,,
,,,,,18694,,,,,,Lecidea tessellata,,,,"Fink, B.",s.n.,,1902,,,,,,"on rocks, hibbard ph. 5376",,,,,,,,,,,,,,,,,,,
,,,,,17665,,,,,,Peltigera elisabethae,,,,"Fink, B.",121,,1897,,,,,,,,,,,,,,,,,,,17665.1897,,,,,,
,,,,,17653,,,,,,Peltigera elisabethae,,,,"Fink, B.",373,,1901,,,,,,,,,,,,,,,,,,,17653.1901,,,,,,
,,,,,17646,,,,,,Peltigera elisabethae,,,,"Fink, B.",s.n.,,1902,,,,,,,,,,,,,,,,,,,17646.1902,,,,,,
,,,,,16487,,,,,,Ephebe ocellata,,,,"Fink, B.",745,,1897,,,,,,on rocks,,,,,,,,,,,,,16487.1897,,great,,,,
,,,,,15997,,,,,,Graphis scripta,,,,"Fink, B.",858,,1897,,,,,,on trees,,,,,,,,,,,,,15997.1897,,,,,,
,,,,,15992,,,,,,Graphis scripta,,,,"Fink, B.",s.n.,,1902,,,,,,"on trees, hibbard ph. 5400",,,,,,,,,,,,,15992.1902,possibly bad because all on curved bark,,,,,
,,,,,15989,,,,,,Graphis scripta,,,,"Arthur, J.",39,,1886,,,,,,on birch,,,,,,,,,,,,,15989.1886,,,,,,
,,,,,15239,,,,,,Strigula submuriformis,,,,"Fink, B.",32,,1899,,,,,,"on trees, det harris",,,,,,,,,,,,,15239.1899,"pieces too small, may have deleted scan",,,,,
,,,,,15236,,,,,,Strigula submuriformis,,,,"Fink, B.",s.n.,,1893,,,,,,,,,,,,,,,,,,,15236.1893,,,,,,
,,,,,14925,,,,,,Verrucaria fuscella,,,,"Fink, B.",297,,1900,,,,,,,,,,,,,,,,,,,14925.1900,,,,,,
,,,,,14923,,,,,,Verrucaria fuscella,,,,"Fink, B.",42,,1899,,,,,,calcareous rock,,,,,,,,,,,,,14293.1899,,,,,,
,,,,,14921,,,,,,Verrucaria fuscella,,,,"Fink, B.",184,,1896,,,,,,,,,,,,,,,,,,,14921.1896,,,,,,
,,,,,14920,,,,,,Verrucaria fuscella,,,,"Herre, A.",s.n.,,1910,,,,,,,,,,,,,,,,,,,14920.1910,,,,,,
